SET session_replication_role = replica;

--
-- PostgreSQL database dump
--

-- \restrict FnMhoJVXqHM8JyBfAQ8nIEpQUIinffhR32lKfYDswmgi4NwatwrfrjJUWRtx8ez

-- Dumped from database version 17.6
-- Dumped by pg_dump version 17.6

SET statement_timeout = 0;
SET lock_timeout = 0;
SET idle_in_transaction_session_timeout = 0;
SET transaction_timeout = 0;
SET client_encoding = 'UTF8';
SET standard_conforming_strings = on;
SELECT pg_catalog.set_config('search_path', '', false);
SET check_function_bodies = false;
SET xmloption = content;
SET client_min_messages = warning;
SET row_security = off;

--
-- Data for Name: tournaments; Type: TABLE DATA; Schema: public; Owner: postgres
--

INSERT INTO "public"."tournaments" ("id", "name", "silent_auction_start", "silent_auction_end", "status", "threshold_amount", "min_increment", "anti_snipe_seconds", "payout_structure", "created_at", "kind", "slug", "live_auction_started_at") VALUES
	('a0000000-0000-0000-0000-00000000000a', '2025 Club Championship', '2025-06-15 22:27:00+00', '2025-08-20 22:27:00+00', 'complete', 150.00, 5.00, 30, '{"1": 0.3, "2": 0.2, "3": 0.1}', '2026-07-15 22:27:45.894924+00', 'production', '2025-club-championship', '2026-06-21 22:27:45.894924+00'),
	('b0000000-0000-0000-0000-00000000000b', '2026 Member-Guest', '2026-07-12 16:27:45.894924+00', '2026-07-30 17:59:59.894924+00', 'active', 150.00, 5.00, 30, '{"1": 0.3, "2": 0.1, "3": 0.2}', '2026-07-15 22:27:45.894924+00', 'dry_run', '2026-member-guest', NULL);


--
-- Data for Name: users; Type: TABLE DATA; Schema: public; Owner: postgres
--

INSERT INTO "public"."users" ("id", "name", "email", "phone", "sso_provider", "avatar_url", "role", "created_at") VALUES
	('8534a24f-c328-4d6d-8941-47c1aaacb3aa', 'Ross Edfort', 'rossedfort@gmail.com', NULL, 'google', NULL, 'owner', '2026-07-15 21:40:24.509491+00'),
	('578368b3-7a1e-45b5-871d-58521309d266', 'James Smith', 'james.smith0@example.com', NULL, NULL, NULL, 'participant', '2026-07-15 22:18:07.791121+00'),
	('ec019015-ce84-4597-81e2-312a707ad2bd', 'Robert Johnson', 'robert.johnson1@example.com', NULL, NULL, NULL, 'participant', '2026-07-15 22:18:07.876104+00'),
	('96130278-9ab2-427d-aa20-6df2f7cbdbf5', 'John Williams', 'john.williams2@example.com', NULL, NULL, NULL, 'participant', '2026-07-15 22:18:07.950699+00'),
	('2780ac0c-710b-437d-821e-5f556538b751', 'Michael Brown', 'michael.brown3@example.com', NULL, NULL, NULL, 'participant', '2026-07-15 22:18:08.023243+00'),
	('b2533dc6-6b8e-42ed-8ea4-ece5aea1d07a', 'David Jones', 'david.jones4@example.com', NULL, NULL, NULL, 'participant', '2026-07-15 22:18:08.097039+00'),
	('c4d4ccad-5414-4bff-8dd4-c81b3425a8c3', 'William Garcia', 'william.garcia5@example.com', NULL, NULL, NULL, 'participant', '2026-07-15 22:18:08.175303+00'),
	('ee1db5e5-d8fd-4d77-b1b8-7cefd22afce0', 'Richard Miller', 'richard.miller6@example.com', NULL, NULL, NULL, 'participant', '2026-07-15 22:18:08.248868+00'),
	('1cc16532-65cf-42d1-9fcd-0499f6363615', 'Joseph Davis', 'joseph.davis7@example.com', NULL, NULL, NULL, 'participant', '2026-07-15 22:18:08.321433+00'),
	('b45e232d-50f0-4cea-8974-68686b8412d4', 'Thomas Rodriguez', 'thomas.rodriguez8@example.com', NULL, NULL, NULL, 'participant', '2026-07-15 22:18:08.397968+00'),
	('3dd89117-cfef-4185-ae4b-d9e1a5231109', 'Charles Martinez', 'charles.martinez9@example.com', NULL, NULL, NULL, 'participant', '2026-07-15 22:18:08.471412+00'),
	('9fe07ec4-361c-4511-b613-2690e73f2cf4', 'Christopher Hernandez', 'christopher.hernandez10@example.com', NULL, NULL, NULL, 'participant', '2026-07-15 22:18:08.553927+00'),
	('8cfe4094-1a32-4993-9879-7ddf05d18dc7', 'Daniel Lopez', 'daniel.lopez11@example.com', NULL, NULL, NULL, 'participant', '2026-07-15 22:18:08.629939+00'),
	('3d9693d4-b9c3-4973-a60e-3bbf0f69c768', 'Matthew Gonzalez', 'matthew.gonzalez12@example.com', NULL, NULL, NULL, 'participant', '2026-07-15 22:18:08.704035+00'),
	('edb4e7b4-4de8-4f74-9adf-f26725f75c7d', 'Anthony Wilson', 'anthony.wilson13@example.com', NULL, NULL, NULL, 'participant', '2026-07-15 22:18:08.776217+00'),
	('aeffa149-20f4-40ff-b7d7-69e598121bdd', 'Mark Anderson', 'mark.anderson14@example.com', NULL, NULL, NULL, 'participant', '2026-07-15 22:18:08.852433+00'),
	('ab4f0f1a-df21-4c16-a929-6dba0ab0f8b8', 'Donald Thomas', 'donald.thomas15@example.com', NULL, NULL, NULL, 'participant', '2026-07-15 22:18:08.925403+00'),
	('2fecf686-c7cc-4557-8934-a55c32ad5070', 'Steven Taylor', 'steven.taylor16@example.com', NULL, NULL, NULL, 'participant', '2026-07-15 22:18:09.00115+00'),
	('93fc7128-01ed-47b4-a4a2-4978679d90f8', 'Paul Moore', 'paul.moore17@example.com', NULL, NULL, NULL, 'participant', '2026-07-15 22:18:09.087091+00'),
	('e01706df-9999-4009-b0cf-232f1e1a6d3b', 'Andrew Jackson', 'andrew.jackson18@example.com', NULL, NULL, NULL, 'participant', '2026-07-15 22:18:09.166455+00'),
	('7e7778cc-1c8d-4e71-b422-6032538e1b39', 'Joshua Martin', 'joshua.martin19@example.com', NULL, NULL, NULL, 'participant', '2026-07-15 22:18:09.253469+00'),
	('34c1080a-e459-4890-94f0-52da59bbedf7', 'Kenneth Lee', 'kenneth.lee20@example.com', NULL, NULL, NULL, 'participant', '2026-07-15 22:18:09.333044+00'),
	('84b12a18-cfc6-491b-907d-5b70cc4cc31a', 'Kevin Perez', 'kevin.perez21@example.com', NULL, NULL, NULL, 'participant', '2026-07-15 22:18:09.410593+00'),
	('cc64f0d9-a2db-4524-960f-88a9a675e628', 'Brian Thompson', 'brian.thompson22@example.com', NULL, NULL, NULL, 'participant', '2026-07-15 22:18:09.484546+00'),
	('8a87b102-cb0d-483b-a464-d736ac4961e0', 'George White', 'george.white23@example.com', NULL, NULL, NULL, 'participant', '2026-07-15 22:18:09.558139+00'),
	('02a11415-76f6-45e5-bab8-64bbe5cb5c97', 'Timothy Harris', 'timothy.harris24@example.com', NULL, NULL, NULL, 'participant', '2026-07-15 22:18:09.632306+00'),
	('d95359c4-47e0-4521-94e5-8fd0b15690e5', 'Ronald Sanchez', 'ronald.sanchez25@example.com', NULL, NULL, NULL, 'participant', '2026-07-15 22:18:09.709502+00'),
	('7e61b1d3-c0c2-498a-a3cb-2492db6a06e4', 'Edward Clark', 'edward.clark26@example.com', NULL, NULL, NULL, 'participant', '2026-07-15 22:18:09.784712+00'),
	('c59708db-e31b-44de-89e9-9b1845d9d69b', 'Jason Ramirez', 'jason.ramirez27@example.com', NULL, NULL, NULL, 'participant', '2026-07-15 22:18:09.859232+00'),
	('5e1f79b3-f35f-4d7c-8b2c-905820438a59', 'Jeffrey Lewis', 'jeffrey.lewis28@example.com', NULL, NULL, NULL, 'participant', '2026-07-15 22:18:09.935032+00'),
	('dcd8b6c8-f9c7-4faf-a90c-6185f1d96c38', 'Ryan Robinson', 'ryan.robinson29@example.com', NULL, NULL, NULL, 'participant', '2026-07-15 22:18:10.015318+00'),
	('2df7aebb-e585-432d-a18b-46108dc60175', 'Jacob Walker', 'jacob.walker30@example.com', NULL, NULL, NULL, 'participant', '2026-07-15 22:18:10.09482+00'),
	('323da76c-ebe2-48bf-a78e-fbf6fccf9fb0', 'Gary Young', 'gary.young31@example.com', NULL, NULL, NULL, 'participant', '2026-07-15 22:18:10.17371+00'),
	('548eefdc-4d7b-47c4-93fd-6609aaf10695', 'Nicholas Allen', 'nicholas.allen32@example.com', NULL, NULL, NULL, 'participant', '2026-07-15 22:18:10.246748+00'),
	('491e5a7b-41ec-4865-866b-887a2e4a426c', 'Eric King', 'eric.king33@example.com', NULL, NULL, NULL, 'participant', '2026-07-15 22:18:10.323617+00'),
	('da0752d3-4e71-45f5-8487-739cb2fa2801', 'Jonathan Wright', 'jonathan.wright34@example.com', NULL, NULL, NULL, 'participant', '2026-07-15 22:18:10.400251+00'),
	('09bab6db-b97b-4b8e-a64f-d6b790ffe8a1', 'Stephen Scott', 'stephen.scott35@example.com', NULL, NULL, NULL, 'participant', '2026-07-15 22:18:10.481694+00'),
	('580a5778-ed05-4c15-9c11-c404fbd8a0a2', 'Larry Torres', 'larry.torres36@example.com', NULL, NULL, NULL, 'participant', '2026-07-15 22:18:10.557483+00'),
	('a15f91f7-5935-4b39-a855-37073ddaa696', 'Justin Nguyen', 'justin.nguyen37@example.com', NULL, NULL, NULL, 'participant', '2026-07-15 22:18:10.632643+00'),
	('ed7a4286-29c6-4695-8cac-49705d6eac17', 'Scott Hill', 'scott.hill38@example.com', NULL, NULL, NULL, 'participant', '2026-07-15 22:18:10.70681+00'),
	('491f889c-0ed3-498d-8dc5-99c2188bba92', 'Brandon Flores', 'brandon.flores39@example.com', NULL, NULL, NULL, 'participant', '2026-07-15 22:18:10.78045+00'),
	('26ee06e5-85c0-4a61-b656-a5d78ad216a7', 'Benjamin Green', 'benjamin.green40@example.com', NULL, NULL, NULL, 'participant', '2026-07-15 22:18:10.855422+00'),
	('23c0ccf2-6380-436c-82e5-3a5a7b01f3df', 'Samuel Adams', 'samuel.adams41@example.com', NULL, NULL, NULL, 'participant', '2026-07-15 22:18:10.927409+00'),
	('bc9adec4-3964-4a5b-850a-ce54d959a577', 'Gregory Nelson', 'gregory.nelson42@example.com', NULL, NULL, NULL, 'participant', '2026-07-15 22:18:11.002703+00'),
	('3b383032-f9b2-413b-8dc8-eaa5e6cbc94e', 'Alexander Baker', 'alexander.baker43@example.com', NULL, NULL, NULL, 'participant', '2026-07-15 22:18:11.093654+00'),
	('5e64255e-4a1d-418b-8456-8dae57567288', 'Patrick Hall', 'patrick.hall44@example.com', NULL, NULL, NULL, 'participant', '2026-07-15 22:18:11.1688+00'),
	('0eaf16db-1a2a-4dd9-922e-2e5f2b2512ba', 'Frank Rivera', 'frank.rivera45@example.com', NULL, NULL, NULL, 'participant', '2026-07-15 22:18:11.242807+00'),
	('7cdfccc3-98ef-4fc0-b5c1-70ef12192729', 'Raymond Campbell', 'raymond.campbell46@example.com', NULL, NULL, NULL, 'participant', '2026-07-15 22:18:11.318749+00'),
	('9d1b3299-5300-4c19-9978-774b7c22fcca', 'Jack Mitchell', 'jack.mitchell47@example.com', NULL, NULL, NULL, 'participant', '2026-07-15 22:18:11.395718+00'),
	('d6510e3b-92a3-4096-96b3-b50fa2a0aeef', 'Dennis Carter', 'dennis.carter48@example.com', NULL, NULL, NULL, 'participant', '2026-07-15 22:18:11.472588+00'),
	('563de983-bf4a-4e05-ab13-2bf4285c11d1', 'Jerry Roberts', 'jerry.roberts49@example.com', NULL, NULL, NULL, 'participant', '2026-07-15 22:18:11.54921+00'),
	('82971f4d-aaef-428e-a8f3-fcf177cad9b5', 'Ross Edfort', 'rossedfort@gmail.com', NULL, 'google', NULL, 'owner', '2026-07-16 13:54:52.300807+00');


--
-- Data for Name: players; Type: TABLE DATA; Schema: public; Owner: postgres
--

INSERT INTO "public"."players" ("id", "tournament_id", "slug", "name", "contact_email", "contact_phone", "preferences", "photo_url", "flight", "status", "user_id", "created_at", "handicap_index", "placement", "winning_bid_id", "buyer_marked_paid_at", "buyer_marked_paid_by") VALUES
	('2ce66b21-00dd-4b49-b82f-acd3e7527be6', 'a0000000-0000-0000-0000-00000000000a', 'evelyn-abbott-2', 'Luke Wheeler', NULL, NULL, NULL, NULL, 'B Flight', 'sold_live', NULL, '2026-07-15 22:27:45.89805+00', 18.6, NULL, 'a97d3e21-4fd8-424e-8ec5-6d3c614a9f63', '2026-06-30 22:27:45.911037+00', '8534a24f-c328-4d6d-8941-47c1aaacb3aa'),
	('103529d8-33fa-4418-8e58-48b183ebe2a2', 'a0000000-0000-0000-0000-00000000000a', 'elijah-hoffman', 'Zoey Zane', NULL, NULL, NULL, NULL, 'A Flight', 'sold_silent', NULL, '2026-07-15 22:27:45.89805+00', 11.8, NULL, '5ee27a13-d501-488a-9cd1-17150a005442', '2026-06-30 22:27:45.911037+00', '8534a24f-c328-4d6d-8941-47c1aaacb3aa'),
	('02cd9c08-f7a3-4a1c-b3ae-fc576ce6be3d', 'a0000000-0000-0000-0000-00000000000a', 'abigail-jennings', 'Ella Rowland', NULL, NULL, NULL, NULL, 'B Flight', 'sold_silent', NULL, '2026-07-15 22:27:45.89805+00', 17.0, NULL, '16405661-f632-48c2-a48d-43a3866ac961', '2026-06-30 22:27:45.911037+00', '8534a24f-c328-4d6d-8941-47c1aaacb3aa'),
	('d80ba824-6761-4f20-aa00-5609c69b3c55', 'a0000000-0000-0000-0000-00000000000a', 'grayson-quinn', 'Carter Vance', NULL, NULL, NULL, NULL, 'C Flight', 'sold_silent', NULL, '2026-07-15 22:27:45.89805+00', 14.2, NULL, '3c3c7249-969c-4de2-aeca-8bc81b226f32', '2026-06-30 22:27:45.911037+00', '8534a24f-c328-4d6d-8941-47c1aaacb3aa'),
	('37c6aca2-c1bb-4ce7-bc12-f6edc4ab21c7', 'a0000000-0000-0000-0000-00000000000a', 'grayson-quinn-2', 'Julian Chandler', NULL, NULL, NULL, NULL, 'A Flight', 'sold_live', NULL, '2026-07-15 22:27:45.89805+00', 3.8, NULL, '221a4d57-3be3-42a3-9482-141b73ed6167', '2026-06-30 22:27:45.911037+00', '8534a24f-c328-4d6d-8941-47c1aaacb3aa'),
	('d3a599f6-584c-44d9-a48e-973c55d80482', 'a0000000-0000-0000-0000-00000000000a', 'emily-yates', 'Layla Chandler', NULL, NULL, NULL, NULL, 'Championship', 'sold_silent', NULL, '2026-07-15 22:27:45.89805+00', 18.8, NULL, '28262744-cef0-4a70-a1ba-f2d08bbe957c', '2026-06-30 22:27:45.911037+00', '8534a24f-c328-4d6d-8941-47c1aaacb3aa'),
	('a1df051c-7463-4b07-b4bb-506a7405d932', 'a0000000-0000-0000-0000-00000000000a', 'elizabeth-hayes', 'Layla Tucker', NULL, NULL, NULL, NULL, 'B Flight', 'sold_silent', NULL, '2026-07-15 22:27:45.89805+00', 5.8, NULL, '1cc17a7d-8b1d-44b3-a806-6b4d5c832254', '2026-06-30 22:27:45.911037+00', '8534a24f-c328-4d6d-8941-47c1aaacb3aa'),
	('16e8ad9a-4e6a-461e-9842-c14988b3f806', 'a0000000-0000-0000-0000-00000000000a', 'elizabeth-hayes-2', 'Victoria Sullivan', NULL, NULL, NULL, NULL, 'Championship', 'sold_live', NULL, '2026-07-15 22:27:45.89805+00', 4.4, NULL, '56b4def6-13ea-4d14-830f-01c90b8285d6', '2026-06-30 22:27:45.911037+00', '8534a24f-c328-4d6d-8941-47c1aaacb3aa'),
	('319a485e-a764-4be6-bed8-1be9898256bd', 'a0000000-0000-0000-0000-00000000000a', 'wyatt-osborne', 'Noah Irving', NULL, NULL, NULL, NULL, 'C Flight', 'sold_silent', NULL, '2026-07-15 22:27:45.89805+00', 3.0, NULL, '5cdf900a-289f-4613-b374-6dc1a702d917', '2026-06-30 22:27:45.911037+00', '8534a24f-c328-4d6d-8941-47c1aaacb3aa'),
	('4ad3361e-9b19-4449-92e8-0115f8552ca2', 'a0000000-0000-0000-0000-00000000000a', 'sofia-vance', 'Victoria Abbott', NULL, NULL, NULL, NULL, 'Championship', 'sold_silent', NULL, '2026-07-15 22:27:45.89805+00', 5.6, NULL, '04644379-c72b-4d21-89ec-e0bffc7ddf8f', '2026-06-30 22:27:45.911037+00', '8534a24f-c328-4d6d-8941-47c1aaacb3aa'),
	('e0fbca63-3063-4d59-80b2-7b706a26678e', 'a0000000-0000-0000-0000-00000000000a', 'sofia-vance-2', 'Mason Norris', NULL, NULL, NULL, NULL, 'B Flight', 'sold_live', NULL, '2026-07-15 22:27:45.89805+00', 5.4, NULL, '8826bfd1-f54d-46a5-89b7-615d7d50c811', '2026-06-30 22:27:45.911037+00', '8534a24f-c328-4d6d-8941-47c1aaacb3aa'),
	('81b0bd1d-8fcb-4eea-9881-073fd3c38da0', 'a0000000-0000-0000-0000-00000000000a', 'owen-dunn-2', 'Olivia Stafford', NULL, NULL, NULL, NULL, 'C Flight', 'sold_live', NULL, '2026-07-15 22:27:45.89805+00', 21.3, NULL, 'e00ffba4-799f-4d82-a777-ad0786f23f95', '2026-06-30 22:27:45.911037+00', '8534a24f-c328-4d6d-8941-47c1aaacb3aa'),
	('09daed0c-09c0-49fe-9332-ab6bd26f38c1', 'a0000000-0000-0000-0000-00000000000a', 'ella-foster', 'Isabella Keller', NULL, NULL, NULL, NULL, 'B Flight', 'sold_silent', NULL, '2026-07-15 22:27:45.89805+00', 10.6, NULL, '13675523-c1fd-47f4-96a5-0d08753766c3', '2026-06-30 22:27:45.911037+00', '8534a24f-c328-4d6d-8941-47c1aaacb3aa'),
	('6edd234e-c862-4e91-9deb-17d02df4e6c3', 'a0000000-0000-0000-0000-00000000000a', 'ella-foster-2', 'Gabriel Irving', NULL, NULL, NULL, NULL, 'Championship', 'sold_live', NULL, '2026-07-15 22:27:45.89805+00', 16.8, NULL, '4c45403b-6162-45f2-a51a-64c96432d07f', '2026-06-30 22:27:45.911037+00', '8534a24f-c328-4d6d-8941-47c1aaacb3aa'),
	('0b593d38-26d4-4285-b4b8-37e39deeaa88', 'a0000000-0000-0000-0000-00000000000a', 'luke-mercer-2', 'Layla Sullivan', NULL, NULL, NULL, NULL, 'A Flight', 'sold_live', NULL, '2026-07-15 22:27:45.89805+00', 1.5, NULL, '178e7c0a-6af0-4469-92de-df22849159d7', '2026-06-30 22:27:45.911037+00', '8534a24f-c328-4d6d-8941-47c1aaacb3aa'),
	('72fb0f17-af52-4e44-bac3-a41f9f8203d9', 'a0000000-0000-0000-0000-00000000000a', 'avery-tucker', 'Lily Dunn', NULL, NULL, NULL, NULL, 'Championship', 'sold_silent', NULL, '2026-07-15 22:27:45.89805+00', 22.8, NULL, '01e4de95-796f-4a21-b3e0-bbca82d24a81', '2026-06-30 22:27:45.911037+00', '8534a24f-c328-4d6d-8941-47c1aaacb3aa'),
	('c86ef475-a79c-4083-95f8-12239f7281b3', 'a0000000-0000-0000-0000-00000000000a', 'avery-tucker-2', 'Emily Chandler', NULL, NULL, NULL, NULL, 'B Flight', 'sold_live', NULL, '2026-07-15 22:27:45.89805+00', 5.1, NULL, '175c4312-41a8-4b0e-a298-ca984409e6d9', '2026-06-30 22:27:45.911037+00', '8534a24f-c328-4d6d-8941-47c1aaacb3aa'),
	('e4ba821d-9a4f-4765-80a3-90cba502a1e6', 'a0000000-0000-0000-0000-00000000000a', 'henry-bishop', 'Isaac Lambert', NULL, NULL, NULL, NULL, 'A Flight', 'sold_silent', NULL, '2026-07-15 22:27:45.89805+00', 16.2, NULL, '8b00cfd3-a9d9-4d5e-884a-c55c30d53637', '2026-06-30 22:27:45.911037+00', '8534a24f-c328-4d6d-8941-47c1aaacb3aa'),
	('06d38fce-7210-4860-99a0-383d447544ae', 'a0000000-0000-0000-0000-00000000000a', 'henry-bishop-2', 'Ella Pruitt', NULL, NULL, NULL, NULL, 'C Flight', 'sold_live', NULL, '2026-07-15 22:27:45.89805+00', 19.6, NULL, '8f4a1bdf-78c4-43e3-a8f4-be2e4d1eb0f0', '2026-06-30 22:27:45.911037+00', '8534a24f-c328-4d6d-8941-47c1aaacb3aa'),
	('85b125e6-005a-432a-a185-e4ecc132622f', 'a0000000-0000-0000-0000-00000000000a', 'elijah-hoffman-2', 'Mason Ortiz', NULL, NULL, NULL, NULL, 'C Flight', 'sold_live', NULL, '2026-07-15 22:27:45.89805+00', 18.9, 2, '2c4426a5-6664-4e0a-8e40-f66985c3346e', '2026-06-30 22:27:45.911037+00', '8534a24f-c328-4d6d-8941-47c1aaacb3aa'),
	('001997d8-ea34-4457-be49-3075402dd8f1', 'a0000000-0000-0000-0000-00000000000a', 'luke-mercer', 'Ella Lambert', NULL, NULL, NULL, NULL, 'C Flight', 'sold_silent', NULL, '2026-07-15 22:27:45.89805+00', 17.1, 3, '92bad5fa-8b7d-4af0-90b7-bd28c710c58a', '2026-06-30 22:27:45.911037+00', '8534a24f-c328-4d6d-8941-47c1aaacb3aa'),
	('ad0083a5-a127-4e7a-b5da-88797e501318', 'a0000000-0000-0000-0000-00000000000a', 'owen-dunn', 'Jack Pruitt', NULL, NULL, NULL, NULL, 'A Flight', 'sold_silent', NULL, '2026-07-15 22:27:45.89805+00', 23.0, 5, '14b9919e-bd7d-4576-93de-7d91b5a7180c', '2026-06-30 22:27:45.911037+00', '8534a24f-c328-4d6d-8941-47c1aaacb3aa'),
	('7959fb8f-64b5-4488-8cd9-dad9cc405fb7', 'a0000000-0000-0000-0000-00000000000a', 'abigail-jennings-2', 'Eleanor Yates', NULL, NULL, NULL, NULL, 'Championship', 'sold_live', NULL, '2026-07-15 22:27:45.89805+00', 17.7, 8, '038a74ba-a77f-47b6-bdf8-2cb6eb4a1b87', '2026-06-30 22:27:45.911037+00', '8534a24f-c328-4d6d-8941-47c1aaacb3aa'),
	('9c0460fc-39e3-44ea-92ee-3c66af712a10', 'a0000000-0000-0000-0000-00000000000a', 'logan-underwood-3', 'Sophia Beaumont', NULL, NULL, NULL, NULL, 'C Flight', 'no_bid', NULL, '2026-07-15 22:27:45.89805+00', 13.8, NULL, NULL, NULL, NULL),
	('9c8236e2-0671-4966-a276-361f8404a237', 'a0000000-0000-0000-0000-00000000000a', 'amelia-chandler-3', 'Dylan Chandler', NULL, NULL, NULL, NULL, 'Championship', 'no_bid', NULL, '2026-07-15 22:27:45.89805+00', 0.8, NULL, NULL, NULL, NULL),
	('ff85c2d7-3ed9-4d07-af53-b85f938df3e3', 'a0000000-0000-0000-0000-00000000000a', 'jackson-coleman-3', 'Harper Hoffman', NULL, NULL, NULL, NULL, 'A Flight', 'no_bid', NULL, '2026-07-15 22:27:45.89805+00', 11.4, NULL, NULL, NULL, NULL),
	('e1ae041e-bdb6-4619-be10-44d04a54c95a', 'a0000000-0000-0000-0000-00000000000a', 'harper-lambert-3', 'Caleb Chandler', NULL, NULL, NULL, NULL, 'B Flight', 'no_bid', NULL, '2026-07-15 22:27:45.89805+00', 13.5, NULL, NULL, NULL, NULL),
	('2b66a436-472e-4fd9-a743-22f81ab3fa17', 'a0000000-0000-0000-0000-00000000000a', 'aiden-sullivan-3', 'Evelyn Bennett', NULL, NULL, NULL, NULL, 'C Flight', 'no_bid', NULL, '2026-07-15 22:27:45.89805+00', 1.4, NULL, NULL, NULL, NULL),
	('29060198-24e1-45f9-af30-56e64bd6335f', 'a0000000-0000-0000-0000-00000000000a', 'evelyn-abbott-3', 'Harper Irving', NULL, NULL, NULL, NULL, 'Championship', 'no_bid', NULL, '2026-07-15 22:27:45.89805+00', 20.7, NULL, NULL, NULL, NULL),
	('3c197ab7-3a21-4df3-abb6-85652ed4e869', 'a0000000-0000-0000-0000-00000000000a', 'elijah-hoffman-3', 'Emma Reyes', NULL, NULL, NULL, NULL, 'A Flight', 'no_bid', NULL, '2026-07-15 22:27:45.89805+00', 16.1, NULL, NULL, NULL, NULL),
	('d920e100-16df-4015-986d-13154601f4c8', 'a0000000-0000-0000-0000-00000000000a', 'abigail-jennings-3', 'Jack Vance', NULL, NULL, NULL, NULL, 'B Flight', 'no_bid', NULL, '2026-07-15 22:27:45.89805+00', 10.7, NULL, NULL, NULL, NULL),
	('55b0608d-6690-428c-bb3d-2309fb89770c', 'a0000000-0000-0000-0000-00000000000a', 'grayson-quinn-3', 'Elizabeth Whitfield', NULL, NULL, NULL, NULL, 'C Flight', 'no_bid', NULL, '2026-07-15 22:27:45.89805+00', 23.7, NULL, NULL, NULL, NULL),
	('fe4aab4c-8842-443b-9cb5-7ff0bead7863', 'a0000000-0000-0000-0000-00000000000a', 'emily-yates-3', 'Isabella Bennett', NULL, NULL, NULL, NULL, 'Championship', 'no_bid', NULL, '2026-07-15 22:27:45.89805+00', 10.1, NULL, NULL, NULL, NULL),
	('cf818544-aaf3-490c-8dd2-da58a937e96e', 'a0000000-0000-0000-0000-00000000000a', 'emma-bennett-2', 'Luke Vance', NULL, NULL, NULL, NULL, 'Championship', 'sold_live', NULL, '2026-07-15 22:27:45.89805+00', 22.7, NULL, '7c90eafc-7aa7-4b8a-a122-0ccf19ae1b32', NULL, NULL),
	('542266fe-7f7a-41bb-b77f-0d8d4c162116', 'a0000000-0000-0000-0000-00000000000a', 'noah-zimmerman-3', 'Olivia Xiong', NULL, NULL, NULL, NULL, 'C Flight', 'sold_live', NULL, '2026-07-15 22:27:45.89805+00', 10.7, NULL, '53e51e6e-c00e-42aa-b4f6-b40dd35ad6f4', NULL, NULL),
	('1d4b3bf0-74a7-440e-80fb-8a6a478757d1', 'a0000000-0000-0000-0000-00000000000a', 'isabella-ellison-3', 'Leo Xiong', NULL, NULL, NULL, NULL, 'Championship', 'sold_live', NULL, '2026-07-15 22:27:45.89805+00', 21.9, NULL, '17d86dbb-3016-449d-9b90-bfc78318b20f', NULL, NULL),
	('18e70178-786b-41e7-ab06-7e47884c3237', 'a0000000-0000-0000-0000-00000000000a', 'emma-bennett', 'Penelope Yates', NULL, NULL, NULL, NULL, 'B Flight', 'sold_silent', NULL, '2026-07-15 22:27:45.89805+00', 3.6, NULL, 'ccad1f5a-7a2b-4b1c-8a0e-dbf2852fd129', '2026-06-30 22:27:45.911037+00', '8534a24f-c328-4d6d-8941-47c1aaacb3aa'),
	('7c78a26a-dca4-45b8-976e-70464406c680', 'a0000000-0000-0000-0000-00000000000a', 'liam-keller', 'Sofia Hoffman', NULL, NULL, NULL, NULL, 'A Flight', 'sold_silent', NULL, '2026-07-15 22:27:45.89805+00', 16.0, NULL, '7fcdd758-1d03-4d30-88ce-b573f2d4db07', '2026-06-30 22:27:45.911037+00', '8534a24f-c328-4d6d-8941-47c1aaacb3aa'),
	('5dc702f8-a755-47de-8c5c-9f9f3c66c9da', 'a0000000-0000-0000-0000-00000000000a', 'liam-keller-2', 'Levi Foster', NULL, NULL, NULL, NULL, 'C Flight', 'sold_silent', NULL, '2026-07-15 22:27:45.89805+00', 11.6, NULL, '2e82a5d2-b380-40e5-92ff-b0e75986494c', '2026-06-30 22:27:45.911037+00', '8534a24f-c328-4d6d-8941-47c1aaacb3aa'),
	('e9742785-78fa-4b0d-b643-18f3e23b246f', 'a0000000-0000-0000-0000-00000000000a', 'liam-keller-3', 'Leo Tucker', NULL, NULL, NULL, NULL, 'A Flight', 'sold_live', NULL, '2026-07-15 22:27:45.89805+00', 9.8, NULL, '94438729-69b0-4023-bba9-1225824b3229', '2026-06-30 22:27:45.911037+00', '8534a24f-c328-4d6d-8941-47c1aaacb3aa'),
	('4bc4ad96-ede2-4635-9f88-503f053e919f', 'a0000000-0000-0000-0000-00000000000a', 'olivia-rowland-3', 'Isabella Vance', NULL, NULL, NULL, NULL, 'B Flight', 'sold_live', NULL, '2026-07-15 22:27:45.89805+00', 1.3, NULL, '85b9cfbe-9e08-4d93-b58e-66bf47acdc0a', '2026-06-30 22:27:45.911037+00', '8534a24f-c328-4d6d-8941-47c1aaacb3aa'),
	('e0f7b608-52bb-40f1-9087-d9d03ca7c70a', 'a0000000-0000-0000-0000-00000000000a', 'noah-zimmerman', 'Isabella Frost', NULL, NULL, NULL, NULL, 'C Flight', 'sold_silent', NULL, '2026-07-15 22:27:45.89805+00', 9.1, NULL, '14c6eecb-233c-4d85-b08a-5be29a897a72', '2026-06-30 22:27:45.911037+00', '8534a24f-c328-4d6d-8941-47c1aaacb3aa'),
	('f5bae52a-3eaf-4705-9869-b2c14e19d612', 'a0000000-0000-0000-0000-00000000000a', 'noah-zimmerman-2', 'Levi Trent', NULL, NULL, NULL, NULL, 'A Flight', 'sold_silent', NULL, '2026-07-15 22:27:45.89805+00', 15.4, NULL, 'd9283c99-5f16-4569-a6a9-94187a2a5a12', '2026-06-30 22:27:45.911037+00', '8534a24f-c328-4d6d-8941-47c1aaacb3aa'),
	('1e032a88-2d1b-49a1-a7b0-5ffc82074113', 'a0000000-0000-0000-0000-00000000000a', 'ava-gould', 'Hannah Xiong', NULL, NULL, NULL, NULL, 'Championship', 'sold_silent', NULL, '2026-07-15 22:27:45.89805+00', 22.7, NULL, '859c1fd1-7dd3-49df-be83-be61839c7d48', '2026-06-30 22:27:45.911037+00', '8534a24f-c328-4d6d-8941-47c1aaacb3aa'),
	('57e814de-a710-4b61-ab9a-7162de6240d7', 'a0000000-0000-0000-0000-00000000000a', 'ava-gould-2', 'Eleanor Pruitt', NULL, NULL, NULL, NULL, 'B Flight', 'sold_silent', NULL, '2026-07-15 22:27:45.89805+00', 9.5, NULL, '854eee75-0d20-4306-a094-56c6a7d19f81', '2026-06-30 22:27:45.911037+00', '8534a24f-c328-4d6d-8941-47c1aaacb3aa'),
	('39ecf020-a311-4c2d-a8d9-91749242c981', 'a0000000-0000-0000-0000-00000000000a', 'ava-gould-3', 'Dylan Xiong', NULL, NULL, NULL, NULL, 'Championship', 'sold_live', NULL, '2026-07-15 22:27:45.89805+00', 12.7, NULL, '8a3c50f9-ab9d-4831-8da7-0414b0306bef', '2026-06-30 22:27:45.911037+00', '8534a24f-c328-4d6d-8941-47c1aaacb3aa'),
	('16be753f-17a8-4b0c-a81b-14c333e12be3', 'a0000000-0000-0000-0000-00000000000a', 'ethan-ingram', 'Owen Ellison', NULL, NULL, NULL, NULL, 'A Flight', 'sold_silent', NULL, '2026-07-15 22:27:45.89805+00', 16.8, NULL, '6fd3bb28-9b82-42f7-8447-437a0f02109b', '2026-06-30 22:27:45.911037+00', '8534a24f-c328-4d6d-8941-47c1aaacb3aa'),
	('bafa6544-a659-4d70-899e-45ee0202e535', 'a0000000-0000-0000-0000-00000000000a', 'mason-whitfield-3', 'Ella Reyes', NULL, NULL, NULL, NULL, 'C Flight', 'sold_live', NULL, '2026-07-15 22:27:45.89805+00', 13.4, 1, '614cf6d5-fc58-4c9d-a185-f539df38ac49', NULL, NULL),
	('8735c67e-1e52-4221-b6d3-c98d15cc6956', 'a0000000-0000-0000-0000-00000000000a', 'olivia-rowland-2', 'Isaac Ellison', NULL, NULL, NULL, NULL, 'Championship', 'sold_silent', NULL, '2026-07-15 22:27:45.89805+00', 9.7, 6, '70106c8b-f364-4928-be17-0717a6de6808', NULL, NULL),
	('844a4433-8b89-4866-b3e7-704e64479415', 'a0000000-0000-0000-0000-00000000000a', 'aiden-sullivan', 'Olivia Jennings', NULL, NULL, NULL, NULL, 'C Flight', 'sold_silent', NULL, '2026-07-15 22:27:45.89805+00', 9.0, NULL, 'a9e31871-422b-4c2a-8a1e-36adc8c5e1b2', '2026-07-15 22:32:02.966+00', '8534a24f-c328-4d6d-8941-47c1aaacb3aa'),
	('c57ffe3d-8633-4193-9d9c-71a820afe6a0', 'a0000000-0000-0000-0000-00000000000a', 'emily-yates-2', 'Nora Jennings', NULL, NULL, NULL, NULL, 'B Flight', 'sold_live', NULL, '2026-07-15 22:27:45.89805+00', 3.9, NULL, '2dd38382-d70c-4883-872d-fe2d6dba0b82', NULL, NULL),
	('3e784147-da21-4664-9d5f-c24c3eccf0bc', 'a0000000-0000-0000-0000-00000000000a', 'carter-frost', 'Gabriel Upton', NULL, NULL, NULL, NULL, 'A Flight', 'sold_silent', NULL, '2026-07-15 22:27:45.89805+00', 3.6, NULL, 'a4fcce82-9c5b-42ae-9a06-df218bc7a02e', NULL, NULL),
	('d0bd581b-8a12-4d0e-acfe-d1992c3f797f', 'a0000000-0000-0000-0000-00000000000a', 'carter-frost-2', 'Carter Zimmerman', NULL, NULL, NULL, NULL, 'C Flight', 'sold_live', NULL, '2026-07-15 22:27:45.89805+00', 6.9, NULL, '64f386e2-4828-464d-8711-96463d9cd2dd', NULL, NULL),
	('0b1fc0dd-8564-4f02-b4c8-be778b81b83b', 'a0000000-0000-0000-0000-00000000000a', 'wyatt-osborne-2', 'Caleb Rowland', NULL, NULL, NULL, NULL, 'A Flight', 'sold_live', NULL, '2026-07-15 22:27:45.89805+00', 4.1, NULL, '123f15d3-a4de-47d7-b594-59782e42052c', NULL, NULL),
	('9c513b72-46dc-46ce-ab46-672a629a2d46', 'a0000000-0000-0000-0000-00000000000a', 'ethan-ingram-2', 'Penelope Wheeler', NULL, NULL, NULL, NULL, 'C Flight', 'sold_silent', NULL, '2026-07-15 22:27:45.89805+00', 10.8, NULL, 'd9509f44-513b-4a50-a545-fc103b8b0744', '2026-06-30 22:27:45.911037+00', '8534a24f-c328-4d6d-8941-47c1aaacb3aa'),
	('8941c867-8a46-4804-a268-a76f96131f22', 'a0000000-0000-0000-0000-00000000000a', 'ethan-ingram-3', 'Penelope Zane', NULL, NULL, NULL, NULL, 'A Flight', 'sold_live', NULL, '2026-07-15 22:27:45.89805+00', 9.6, NULL, 'd81b83ed-34c3-48b8-bc40-fc13ae705feb', '2026-06-30 22:27:45.911037+00', '8534a24f-c328-4d6d-8941-47c1aaacb3aa'),
	('7ba39b0f-45ad-494a-b6cd-df573cc02b45', 'a0000000-0000-0000-0000-00000000000a', 'sophia-parrish', 'Chloe Ingram', NULL, NULL, NULL, NULL, 'B Flight', 'sold_silent', NULL, '2026-07-15 22:27:45.89805+00', 22.2, NULL, 'c588153d-0f6c-44be-acf1-7348e05ac57f', '2026-06-30 22:27:45.911037+00', '8534a24f-c328-4d6d-8941-47c1aaacb3aa'),
	('58a58635-95b1-4584-84c1-6289ce8db9ce', 'a0000000-0000-0000-0000-00000000000a', 'sophia-parrish-2', 'Ella Moreno', NULL, NULL, NULL, NULL, 'Championship', 'sold_silent', NULL, '2026-07-15 22:27:45.89805+00', 8.5, NULL, 'e29d2e1d-6f9f-4f52-8655-01d44157bc26', '2026-06-30 22:27:45.911037+00', '8534a24f-c328-4d6d-8941-47c1aaacb3aa'),
	('2d79a1e5-127f-486a-9281-b32605d78bfc', 'a0000000-0000-0000-0000-00000000000a', 'sophia-parrish-3', 'Levi Wheeler', NULL, NULL, NULL, NULL, 'B Flight', 'sold_live', NULL, '2026-07-15 22:27:45.89805+00', 15.6, NULL, '88326717-7427-4bd8-9a8b-715d978f7172', '2026-06-30 22:27:45.911037+00', '8534a24f-c328-4d6d-8941-47c1aaacb3aa'),
	('74fa7ada-ef69-4ac3-8bdc-97633300dcae', 'a0000000-0000-0000-0000-00000000000a', 'mason-whitfield', 'Elizabeth Abbott', NULL, NULL, NULL, NULL, 'C Flight', 'sold_silent', NULL, '2026-07-15 22:27:45.89805+00', 21.7, NULL, '2fa2ae5b-70d9-4abc-985c-9bf504962e6c', '2026-06-30 22:27:45.911037+00', '8534a24f-c328-4d6d-8941-47c1aaacb3aa'),
	('9160d3e2-d85e-41fa-9177-c08739f52144', 'a0000000-0000-0000-0000-00000000000a', 'mason-whitfield-2', 'Nora Norris', NULL, NULL, NULL, NULL, 'A Flight', 'sold_silent', NULL, '2026-07-15 22:27:45.89805+00', 7.2, NULL, '05867447-af8b-4783-a199-08f2d434eed5', '2026-06-30 22:27:45.911037+00', '8534a24f-c328-4d6d-8941-47c1aaacb3aa'),
	('b4781b5e-ef9d-4156-9ee2-777835e196e6', 'a0000000-0000-0000-0000-00000000000a', 'isabella-ellison', 'Elizabeth Abbott', NULL, NULL, NULL, NULL, 'Championship', 'sold_silent', NULL, '2026-07-15 22:27:45.89805+00', 0.4, NULL, '0f17a7a4-37a3-45c9-a6b4-041589ee2c75', '2026-06-30 22:27:45.911037+00', '8534a24f-c328-4d6d-8941-47c1aaacb3aa'),
	('e89a4208-f68f-49bc-a2ee-a47bf2520049', 'a0000000-0000-0000-0000-00000000000a', 'isabella-ellison-2', 'Eleanor Nash', NULL, NULL, NULL, NULL, 'B Flight', 'sold_silent', NULL, '2026-07-15 22:27:45.89805+00', 7.1, NULL, 'd1a2c779-215c-43f0-bf68-547f3fed6f3b', '2026-06-30 22:27:45.911037+00', '8534a24f-c328-4d6d-8941-47c1aaacb3aa'),
	('4e6bf585-c2e0-4f54-9848-8c7fb652d7e7', 'a0000000-0000-0000-0000-00000000000a', 'lucas-graham', 'Logan Dunn', NULL, NULL, NULL, NULL, 'A Flight', 'sold_silent', NULL, '2026-07-15 22:27:45.89805+00', 3.7, NULL, 'c1a70c69-883d-4e37-9825-ea66841ea6b2', '2026-06-30 22:27:45.911037+00', '8534a24f-c328-4d6d-8941-47c1aaacb3aa'),
	('e392e4c5-b961-4056-a332-c27ba639c4a1', 'a0000000-0000-0000-0000-00000000000a', 'lucas-graham-3', 'Elizabeth Pruitt', NULL, NULL, NULL, NULL, 'A Flight', 'sold_live', NULL, '2026-07-15 22:27:45.89805+00', 4.7, NULL, '74f6b81b-de2a-48c5-b4c1-0fdd63bb8d71', '2026-06-30 22:27:45.911037+00', '8534a24f-c328-4d6d-8941-47c1aaacb3aa'),
	('788268bb-6c1f-49d3-8f49-67b4161bec1f', 'a0000000-0000-0000-0000-00000000000a', 'mia-norris', 'Emma Lindgren', NULL, NULL, NULL, NULL, 'B Flight', 'sold_silent', NULL, '2026-07-15 22:27:45.89805+00', 5.2, NULL, 'b0874b92-24b3-4f1c-aa79-2e9dc3dd0e60', '2026-06-30 22:27:45.911037+00', '8534a24f-c328-4d6d-8941-47c1aaacb3aa'),
	('ed79bbef-e506-4931-9f0e-018d90dc6560', 'a0000000-0000-0000-0000-00000000000a', 'mia-norris-2', 'Olivia Zimmerman', NULL, NULL, NULL, NULL, 'Championship', 'sold_silent', NULL, '2026-07-15 22:27:45.89805+00', 5.3, NULL, '56179793-f0b6-45d9-9c20-5ef1ef64565d', '2026-06-30 22:27:45.911037+00', '8534a24f-c328-4d6d-8941-47c1aaacb3aa'),
	('61515568-439e-4401-a32c-17fa1af83476', 'a0000000-0000-0000-0000-00000000000a', 'jackson-coleman', 'Jackson Chandler', NULL, NULL, NULL, NULL, 'A Flight', 'sold_silent', NULL, '2026-07-15 22:27:45.89805+00', 6.3, NULL, 'b7ea0ca6-c213-4092-aa56-ce6146efbd1e', '2026-06-30 22:27:45.911037+00', '8534a24f-c328-4d6d-8941-47c1aaacb3aa'),
	('4eb32ef4-354e-4c94-940d-6781fed720ca', 'a0000000-0000-0000-0000-00000000000a', 'jackson-coleman-2', 'Jackson Zimmerman', NULL, NULL, NULL, NULL, 'C Flight', 'sold_silent', NULL, '2026-07-15 22:27:45.89805+00', 21.3, NULL, '856b23c6-8b90-4dae-b029-1c4569d42add', '2026-06-30 22:27:45.911037+00', '8534a24f-c328-4d6d-8941-47c1aaacb3aa'),
	('565b5331-a388-425f-bea8-8b40fcc034c6', 'a0000000-0000-0000-0000-00000000000a', 'harper-lambert-2', 'Abigail Ingram', NULL, NULL, NULL, NULL, 'Championship', 'sold_silent', NULL, '2026-07-15 22:27:45.89805+00', 23.5, NULL, '1c644145-5ac1-428e-9ac3-c30eb6281791', '2026-06-30 22:27:45.911037+00', '8534a24f-c328-4d6d-8941-47c1aaacb3aa'),
	('5b49d207-ffe5-4ee8-93d5-b64facaa1688', 'a0000000-0000-0000-0000-00000000000a', 'harper-lambert', 'Caleb Abbott', NULL, NULL, NULL, NULL, 'B Flight', 'sold_silent', NULL, '2026-07-15 22:27:45.89805+00', 21.3, NULL, '72037f21-bf8e-4af4-a27d-b8ad4cc1f3db', '2026-06-30 22:27:45.911037+00', '8534a24f-c328-4d6d-8941-47c1aaacb3aa'),
	('2615253e-6dba-4369-ac62-7aeb807605a3', 'a0000000-0000-0000-0000-00000000000a', 'mia-norris-3', 'Lily Lambert', NULL, NULL, NULL, NULL, 'B Flight', 'sold_live', NULL, '2026-07-15 22:27:45.89805+00', 23.1, NULL, '17b3720b-c771-42f7-b4db-36fe288517e6', '2026-06-30 22:27:45.911037+00', '8534a24f-c328-4d6d-8941-47c1aaacb3aa'),
	('872c937d-8c36-44d8-a3d5-4c363e984784', 'a0000000-0000-0000-0000-00000000000a', 'logan-underwood', 'Layla Keller', NULL, NULL, NULL, NULL, 'C Flight', 'sold_silent', NULL, '2026-07-15 22:27:45.89805+00', 7.2, NULL, 'e994245d-576f-40f1-9f2a-38dcb1cb0aa9', '2026-06-30 22:27:45.911037+00', '8534a24f-c328-4d6d-8941-47c1aaacb3aa'),
	('b78ed648-5014-426e-be2a-7d224dfc1f77', 'a0000000-0000-0000-0000-00000000000a', 'logan-underwood-2', 'Elizabeth Jasper', NULL, NULL, NULL, NULL, 'A Flight', 'sold_silent', NULL, '2026-07-15 22:27:45.89805+00', 9.2, NULL, 'c085bf21-b612-4ac7-83d1-17adfadfde33', '2026-06-30 22:27:45.911037+00', '8534a24f-c328-4d6d-8941-47c1aaacb3aa'),
	('7bc86106-b5b6-4796-aef7-e15e7f35133b', 'a0000000-0000-0000-0000-00000000000a', 'amelia-chandler', 'Emily Zimmerman', NULL, NULL, NULL, NULL, 'Championship', 'sold_silent', NULL, '2026-07-15 22:27:45.89805+00', 15.4, NULL, '59d823de-1512-449c-a29d-1ddb391ba166', '2026-06-30 22:27:45.911037+00', '8534a24f-c328-4d6d-8941-47c1aaacb3aa'),
	('2661bf04-c663-4417-82ab-ab18bd0b70c5', 'a0000000-0000-0000-0000-00000000000a', 'amelia-chandler-2', 'Eleanor Parrish', NULL, NULL, NULL, NULL, 'B Flight', 'sold_silent', NULL, '2026-07-15 22:27:45.89805+00', 12.8, NULL, '363e51cd-b266-40c0-b674-123df896f0cc', '2026-06-30 22:27:45.911037+00', '8534a24f-c328-4d6d-8941-47c1aaacb3aa'),
	('0a7f4c74-9bc5-4172-8306-0b00b75c455b', 'a0000000-0000-0000-0000-00000000000a', 'aiden-sullivan-2', 'Anthony Chandler', NULL, NULL, NULL, NULL, 'A Flight', 'sold_silent', NULL, '2026-07-15 22:27:45.89805+00', 6.4, NULL, '870df83e-d06b-492f-a801-a8afbb2eeeb2', '2026-06-30 22:27:45.911037+00', '8534a24f-c328-4d6d-8941-47c1aaacb3aa'),
	('345e46d9-4587-4b64-8cf4-9edf3aec682a', 'a0000000-0000-0000-0000-00000000000a', 'evelyn-abbott', 'Julian Zimmerman', NULL, NULL, NULL, NULL, 'Championship', 'sold_silent', NULL, '2026-07-15 22:27:45.89805+00', 22.3, NULL, '5f1f8886-7162-4da6-9b7b-ae3e5e2bb1f4', '2026-06-30 22:27:45.911037+00', '8534a24f-c328-4d6d-8941-47c1aaacb3aa'),
	('68484768-cc5e-418a-83dc-b6da34e1238c', 'a0000000-0000-0000-0000-00000000000a', 'olivia-rowland', 'Isabella Hoffman', NULL, NULL, NULL, NULL, 'B Flight', 'sold_silent', NULL, '2026-07-15 22:27:45.89805+00', 13.5, 4, 'd4c702fe-453b-498a-a859-67acba6c4e32', '2026-06-30 22:27:45.911037+00', '8534a24f-c328-4d6d-8941-47c1aaacb3aa'),
	('121b35ca-f8b8-41ea-8821-d5dd62e7255d', 'a0000000-0000-0000-0000-00000000000a', 'lucas-graham-2', 'Olivia Frost', NULL, NULL, NULL, NULL, 'C Flight', 'sold_silent', NULL, '2026-07-15 22:27:45.89805+00', 19.8, 7, 'c03da6cb-102a-4bb6-a07a-2f72c4b9620e', '2026-06-30 22:27:45.911037+00', '8534a24f-c328-4d6d-8941-47c1aaacb3aa'),
	('8c6a3b49-c6df-4a8a-9c4f-7df2b1e0e75e', 'a0000000-0000-0000-0000-00000000000a', 'ross-edfort', 'Ross Edfort', 'rossedfort@gmail.com', '9086989024', NULL, NULL, 'A', 'sold_silent', NULL, '2026-07-16 13:38:00.96447+00', 4.1, NULL, NULL, NULL, NULL),
	('f18801c0-0672-489e-a5a2-da9abc7b77bd', 'b0000000-0000-0000-0000-00000000000b', 'emma-zimmerman-2', 'Ethan Quimby', NULL, NULL, NULL, NULL, 'Championship', 'open', NULL, '2026-07-15 22:27:45.914002+00', 13.2, NULL, NULL, NULL, NULL),
	('f5153a50-d3ad-4ce8-b809-448f133c35bb', 'b0000000-0000-0000-0000-00000000000b', 'liam-foster-2', 'Layla Bishop', NULL, NULL, NULL, NULL, 'A Flight', 'open', NULL, '2026-07-15 22:27:45.914002+00', 1.3, NULL, NULL, NULL, NULL),
	('100c1e9e-a015-4a57-be6c-6b0e6dbe080a', 'b0000000-0000-0000-0000-00000000000b', 'olivia-quinn-2', 'Riley Dunn', NULL, NULL, NULL, NULL, 'B Flight', 'open', NULL, '2026-07-15 22:27:45.914002+00', 23.7, NULL, NULL, NULL, NULL),
	('f0f80ac0-93e1-462f-8bc3-5160aed7b01f', 'b0000000-0000-0000-0000-00000000000b', 'noah-chandler-2', 'Grayson Whitfield', NULL, NULL, NULL, NULL, 'C Flight', 'open', NULL, '2026-07-15 22:27:45.914002+00', 1.9, NULL, NULL, NULL, NULL),
	('b695f437-1144-466e-a03f-41ba40c43830', 'b0000000-0000-0000-0000-00000000000b', 'ava-ingram-2', 'Logan Lambert', NULL, NULL, NULL, NULL, 'Championship', 'open', NULL, '2026-07-15 22:27:45.914002+00', 20.1, NULL, NULL, NULL, NULL),
	('690c2a77-b66c-4475-960c-3c93d38488cc', 'b0000000-0000-0000-0000-00000000000b', 'ethan-tucker-3', 'Henry Bishop', NULL, NULL, NULL, NULL, 'A Flight', 'open', NULL, '2026-07-15 22:27:45.914002+00', 5.3, NULL, NULL, NULL, NULL),
	('7583e0db-0401-4b1c-8f19-d26b365d3e7a', 'b0000000-0000-0000-0000-00000000000b', 'sophia-frost-3', 'Logan Xiong', NULL, NULL, NULL, NULL, 'B Flight', 'open', NULL, '2026-07-15 22:27:45.914002+00', 15.2, NULL, NULL, NULL, NULL),
	('366248f7-344c-4a33-b801-80068e72362e', 'b0000000-0000-0000-0000-00000000000b', 'emma-zimmerman', 'Lucas York', NULL, NULL, NULL, NULL, 'B Flight', 'open', NULL, '2026-07-15 22:27:45.914002+00', 10.5, NULL, NULL, NULL, NULL),
	('3f198dfa-4805-49a6-acde-8049d683ad89', 'b0000000-0000-0000-0000-00000000000b', 'liam-foster', 'Eleanor Vargas', NULL, NULL, NULL, NULL, 'C Flight', 'open', NULL, '2026-07-15 22:27:45.914002+00', 10.6, NULL, NULL, NULL, NULL),
	('335eb5d1-08af-4eae-82f8-4696d1f9e728', 'b0000000-0000-0000-0000-00000000000b', 'mason-lambert-3', 'Jackson Jennings', NULL, NULL, NULL, NULL, 'C Flight', 'open', NULL, '2026-07-15 22:27:45.914002+00', 0.6, NULL, NULL, NULL, NULL),
	('f612cf84-f244-4768-a0db-6c18ff29630f', 'b0000000-0000-0000-0000-00000000000b', 'isabella-whitfield-3', 'Harper Underwood', NULL, NULL, NULL, NULL, 'Championship', 'open', NULL, '2026-07-15 22:27:45.914002+00', 12.2, NULL, NULL, NULL, NULL),
	('73daca10-55d6-48db-961c-2287e90f0786', 'b0000000-0000-0000-0000-00000000000b', 'lucas-bennett-3', 'Wyatt Abbott', NULL, NULL, NULL, NULL, 'A Flight', 'open', NULL, '2026-07-15 22:27:45.914002+00', 4.3, NULL, NULL, NULL, NULL),
	('b1015865-71f5-4f96-97dc-b0f9d24a19d2', 'b0000000-0000-0000-0000-00000000000b', 'mia-osborne-3', 'Lucas Ingram', NULL, NULL, NULL, NULL, 'B Flight', 'open', NULL, '2026-07-15 22:27:45.914002+00', 13.9, NULL, NULL, NULL, NULL),
	('866789b9-48fb-4e56-a0a1-edb6e24f8838', 'b0000000-0000-0000-0000-00000000000b', 'logan-abbott-3', 'Anthony Zimmerman', NULL, NULL, NULL, NULL, 'C Flight', 'open', NULL, '2026-07-15 22:27:45.914002+00', 13.7, NULL, NULL, NULL, NULL),
	('a6ea1a49-2128-465c-9df7-cbf7e367b11f', 'b0000000-0000-0000-0000-00000000000b', 'amelia-graham-3', 'Wyatt Bishop', NULL, NULL, NULL, NULL, 'Championship', 'open', NULL, '2026-07-15 22:27:45.914002+00', 6.3, NULL, NULL, NULL, NULL),
	('b2ac94e9-ad92-48aa-93eb-fd836730c736', 'b0000000-0000-0000-0000-00000000000b', 'jackson-rowland-3', 'Lucas Bishop', NULL, NULL, NULL, NULL, 'A Flight', 'open', NULL, '2026-07-15 22:27:45.914002+00', 14.3, NULL, NULL, NULL, NULL),
	('a7c563c1-2d07-40cd-89e4-4a69a119dd79', 'b0000000-0000-0000-0000-00000000000b', 'harper-dunn-3', 'Elizabeth Vargas', NULL, NULL, NULL, NULL, 'B Flight', 'open', NULL, '2026-07-15 22:27:45.914002+00', 18.0, NULL, NULL, NULL, NULL),
	('b2123ca0-4b37-4338-b732-b76b5fed14d6', 'b0000000-0000-0000-0000-00000000000b', 'aiden-jennings-3', 'Avery Rowland', NULL, NULL, NULL, NULL, 'C Flight', 'open', NULL, '2026-07-15 22:27:45.914002+00', 7.7, NULL, NULL, NULL, NULL),
	('f49365c3-e903-4a8e-90e9-92616df2956d', 'b0000000-0000-0000-0000-00000000000b', 'evelyn-underwood-3', 'Abigail Coleman', NULL, NULL, NULL, NULL, 'Championship', 'open', NULL, '2026-07-15 22:27:45.914002+00', 15.9, NULL, NULL, NULL, NULL),
	('9bf1e39d-5899-4745-9aac-89207b77fff9', 'b0000000-0000-0000-0000-00000000000b', 'elijah-gould-3', 'Layla Ingram', NULL, NULL, NULL, NULL, 'A Flight', 'open', NULL, '2026-07-15 22:27:45.914002+00', 18.2, NULL, NULL, NULL, NULL),
	('da39edb3-51c9-4acc-9c5c-baea709cbb9e', 'b0000000-0000-0000-0000-00000000000b', 'abigail-mercer-3', 'Anthony Keller', NULL, NULL, NULL, NULL, 'B Flight', 'open', NULL, '2026-07-15 22:27:45.914002+00', 20.1, NULL, NULL, NULL, NULL),
	('1a21c52d-e691-414f-ac29-fb61fc8e6130', 'b0000000-0000-0000-0000-00000000000b', 'grayson-yates-3', 'Penelope Ellison', NULL, NULL, NULL, NULL, 'C Flight', 'open', NULL, '2026-07-15 22:27:45.914002+00', 22.8, NULL, NULL, NULL, NULL),
	('923963f3-36d6-42ed-80b0-55dedf04d6a1', 'b0000000-0000-0000-0000-00000000000b', 'emily-coleman-3', 'Avery Chandler', NULL, NULL, NULL, NULL, 'Championship', 'open', NULL, '2026-07-15 22:27:45.914002+00', 4.6, NULL, NULL, NULL, NULL),
	('49cdc72c-adf1-4ba1-a9e5-add0f1ee1846', 'b0000000-0000-0000-0000-00000000000b', 'carter-parrish-3', 'Gabriel Wheeler', NULL, NULL, NULL, NULL, 'A Flight', 'open', NULL, '2026-07-15 22:27:45.914002+00', 20.9, NULL, NULL, NULL, NULL),
	('67fb45ec-ba2f-4275-8da1-e24a5e1eade6', 'b0000000-0000-0000-0000-00000000000b', 'elizabeth-bishop-3', 'Grayson Frost', NULL, NULL, NULL, NULL, 'B Flight', 'open', NULL, '2026-07-15 22:27:45.914002+00', 5.2, NULL, NULL, NULL, NULL),
	('28e9defc-bf34-45b7-a082-2772a64998c5', 'b0000000-0000-0000-0000-00000000000b', 'wyatt-hayes-3', 'Luke Frost', NULL, NULL, NULL, NULL, 'C Flight', 'open', NULL, '2026-07-15 22:27:45.914002+00', 3.9, NULL, NULL, NULL, NULL),
	('ce909e91-e282-482a-b521-abcf0f1f9f3f', 'b0000000-0000-0000-0000-00000000000b', 'sofia-sullivan-3', 'Evelyn Yates', NULL, NULL, NULL, NULL, 'Championship', 'open', NULL, '2026-07-15 22:27:45.914002+00', 23.2, NULL, NULL, NULL, NULL),
	('d29150e9-ba77-44e6-a324-61530be141f0', 'b0000000-0000-0000-0000-00000000000b', 'olivia-quinn', 'Lily Ortiz', NULL, NULL, NULL, NULL, 'Championship', 'open', NULL, '2026-07-15 22:27:45.914002+00', 1.9, NULL, NULL, NULL, NULL),
	('f763f12c-695e-470d-bf47-ffd880c6f79c', 'b0000000-0000-0000-0000-00000000000b', 'noah-chandler', 'Luke Moreno', NULL, NULL, NULL, NULL, 'A Flight', 'open', NULL, '2026-07-15 22:27:45.914002+00', 0.8, NULL, NULL, NULL, NULL),
	('6d8c7050-c203-4284-a649-8950d0cd7e38', 'b0000000-0000-0000-0000-00000000000b', 'ava-ingram', 'Liam Vargas', NULL, NULL, NULL, NULL, 'B Flight', 'open', NULL, '2026-07-15 22:27:45.914002+00', 10.4, NULL, NULL, NULL, NULL),
	('36ef3065-7725-40d7-acee-9de68d5da5a5', 'b0000000-0000-0000-0000-00000000000b', 'ethan-tucker', 'Jackson Tucker', NULL, NULL, NULL, NULL, 'A Flight', 'open', NULL, '2026-07-15 22:27:45.914002+00', 16.0, NULL, NULL, NULL, NULL),
	('2cd5dc93-1ab5-41f2-ba3d-09f2179b5fa2', 'b0000000-0000-0000-0000-00000000000b', 'ethan-tucker-2', 'Hannah Frost', NULL, NULL, NULL, NULL, 'C Flight', 'open', NULL, '2026-07-15 22:27:45.914002+00', 14.8, NULL, NULL, NULL, NULL),
	('537fbb00-8b5f-411b-a2e9-015df1e5df6d', 'b0000000-0000-0000-0000-00000000000b', 'sophia-frost', 'Leo York', NULL, NULL, NULL, NULL, 'B Flight', 'open', NULL, '2026-07-15 22:27:45.914002+00', 20.1, NULL, NULL, NULL, NULL),
	('a8efbf0c-91e6-4808-a2d8-f3fb1a4a554f', 'b0000000-0000-0000-0000-00000000000b', 'sophia-frost-2', 'Levi Nash', NULL, NULL, NULL, NULL, 'Championship', 'open', NULL, '2026-07-15 22:27:45.914002+00', 7.9, NULL, NULL, NULL, NULL),
	('aa0fba15-3e78-4730-8e8e-e096389d2bab', 'b0000000-0000-0000-0000-00000000000b', 'mason-lambert', 'Ava Rowland', NULL, NULL, NULL, NULL, 'C Flight', 'open', NULL, '2026-07-15 22:27:45.914002+00', 23.4, NULL, NULL, NULL, NULL),
	('e2b0f9d7-4829-4c8f-8875-50327c6a8534', 'b0000000-0000-0000-0000-00000000000b', 'mason-lambert-2', 'Jack Whitfield', NULL, NULL, NULL, NULL, 'A Flight', 'open', NULL, '2026-07-15 22:27:45.914002+00', 16.4, NULL, NULL, NULL, NULL),
	('5ff41e86-1334-489b-9261-5f3b0950f9fe', 'b0000000-0000-0000-0000-00000000000b', 'isabella-whitfield', 'Ethan Kirby', NULL, NULL, NULL, NULL, 'Championship', 'open', NULL, '2026-07-15 22:27:45.914002+00', 19.8, NULL, NULL, NULL, NULL),
	('b92b5c21-cd61-43bc-adf0-cfdd6a921a68', 'b0000000-0000-0000-0000-00000000000b', 'isabella-whitfield-2', 'Riley Keller', NULL, NULL, NULL, NULL, 'B Flight', 'open', NULL, '2026-07-15 22:27:45.914002+00', 20.2, NULL, NULL, NULL, NULL),
	('e0595eae-4774-4fdb-a85a-59bd40857ebc', 'b0000000-0000-0000-0000-00000000000b', 'lucas-bennett', 'Chloe Hoffman', NULL, NULL, NULL, NULL, 'A Flight', 'open', NULL, '2026-07-15 22:27:45.914002+00', 5.5, NULL, NULL, NULL, NULL),
	('c7e7fb1a-04a3-4c5c-a644-cfc9daa07447', 'b0000000-0000-0000-0000-00000000000b', 'lucas-bennett-2', 'Elizabeth Hayes', NULL, NULL, NULL, NULL, 'C Flight', 'open', NULL, '2026-07-15 22:27:45.914002+00', 6.7, NULL, NULL, NULL, NULL),
	('39d8e5cb-feb0-4336-8221-3bb43c50bc90', 'b0000000-0000-0000-0000-00000000000b', 'mia-osborne', 'Avery Pruitt', NULL, NULL, NULL, NULL, 'B Flight', 'open', NULL, '2026-07-15 22:27:45.914002+00', 9.0, NULL, NULL, NULL, NULL),
	('46db9f0f-ee5c-4bb4-98f1-ab5eba6c7b0c', 'b0000000-0000-0000-0000-00000000000b', 'mia-osborne-2', 'Owen Jennings', NULL, NULL, NULL, NULL, 'Championship', 'open', NULL, '2026-07-15 22:27:45.914002+00', 2.2, NULL, NULL, NULL, NULL),
	('321c7f93-429b-4e6b-9d3c-36662dfb07b3', 'b0000000-0000-0000-0000-00000000000b', 'logan-abbott', 'Abigail Lambert', NULL, NULL, NULL, NULL, 'C Flight', 'open', NULL, '2026-07-15 22:27:45.914002+00', 12.4, NULL, NULL, NULL, NULL),
	('0b2b2b22-ddbb-443b-982a-433e492d17e5', 'b0000000-0000-0000-0000-00000000000b', 'logan-abbott-2', 'Ella Frost', NULL, NULL, NULL, NULL, 'A Flight', 'open', NULL, '2026-07-15 22:27:45.914002+00', 15.1, NULL, NULL, NULL, NULL),
	('649f1e56-aa01-4d9a-bdc8-daa6e1220bfe', 'b0000000-0000-0000-0000-00000000000b', 'amelia-graham', 'Amelia Kirby', NULL, NULL, NULL, NULL, 'Championship', 'open', NULL, '2026-07-15 22:27:45.914002+00', 13.2, NULL, NULL, NULL, NULL),
	('5c37305c-469e-4a15-8da6-510aa38619d4', 'b0000000-0000-0000-0000-00000000000b', 'amelia-graham-2', 'Wyatt Beaumont', NULL, NULL, NULL, NULL, 'B Flight', 'open', NULL, '2026-07-15 22:27:45.914002+00', 7.3, NULL, NULL, NULL, NULL),
	('5ce40e84-2a8e-49da-9945-428a152f6271', 'b0000000-0000-0000-0000-00000000000b', 'jackson-rowland', 'Dylan Ingram', NULL, NULL, NULL, NULL, 'A Flight', 'open', NULL, '2026-07-15 22:27:45.914002+00', 21.2, NULL, NULL, NULL, NULL),
	('2b7a8386-4463-486f-90d9-8a72051c8edc', 'b0000000-0000-0000-0000-00000000000b', 'jackson-rowland-2', 'Sofia Zane', NULL, NULL, NULL, NULL, 'C Flight', 'open', NULL, '2026-07-15 22:27:45.914002+00', 1.2, NULL, NULL, NULL, NULL),
	('d78a9e4d-4634-4baa-a921-3c8f80a9d39e', 'b0000000-0000-0000-0000-00000000000b', 'harper-dunn', 'Harper Foster', NULL, NULL, NULL, NULL, 'B Flight', 'open', NULL, '2026-07-15 22:27:45.914002+00', 23.7, NULL, NULL, NULL, NULL),
	('28639dc2-788d-4e58-a06e-dbda8c89648c', 'b0000000-0000-0000-0000-00000000000b', 'harper-dunn-2', 'Liam Rowland', NULL, NULL, NULL, NULL, 'Championship', 'open', NULL, '2026-07-15 22:27:45.914002+00', 0.1, NULL, NULL, NULL, NULL),
	('811f6b86-c0ac-4880-8c35-af9d8452649e', 'b0000000-0000-0000-0000-00000000000b', 'aiden-jennings', 'Wyatt Quimby', NULL, NULL, NULL, NULL, 'C Flight', 'open', NULL, '2026-07-15 22:27:45.914002+00', 12.1, NULL, NULL, NULL, NULL),
	('9be6f094-5ff9-4bee-a66e-5eb177809c8c', 'b0000000-0000-0000-0000-00000000000b', 'aiden-jennings-2', 'Carter Parrish', NULL, NULL, NULL, NULL, 'A Flight', 'open', NULL, '2026-07-15 22:27:45.914002+00', 17.2, NULL, NULL, NULL, NULL),
	('c12b4de4-e3c1-42ac-9092-4fd376ab8eea', 'b0000000-0000-0000-0000-00000000000b', 'evelyn-underwood', 'Carter Vargas', NULL, NULL, NULL, NULL, 'Championship', 'open', NULL, '2026-07-15 22:27:45.914002+00', 13.9, NULL, NULL, NULL, NULL),
	('964166b5-cd32-4443-9778-eb254179b72e', 'b0000000-0000-0000-0000-00000000000b', 'evelyn-underwood-2', 'Victoria Foster', NULL, NULL, NULL, NULL, 'B Flight', 'open', NULL, '2026-07-15 22:27:45.914002+00', 21.3, NULL, NULL, NULL, NULL),
	('01a715da-add7-4934-ae8b-374eb61c88e2', 'b0000000-0000-0000-0000-00000000000b', 'elijah-gould', 'Sofia Abbott', NULL, NULL, NULL, NULL, 'A Flight', 'open', NULL, '2026-07-15 22:27:45.914002+00', 3.6, NULL, NULL, NULL, NULL),
	('39205a93-1217-4370-95b7-836436a045d8', 'b0000000-0000-0000-0000-00000000000b', 'elijah-gould-2', 'Mason Osborne', NULL, NULL, NULL, NULL, 'C Flight', 'open', NULL, '2026-07-15 22:27:45.914002+00', 20.7, NULL, NULL, NULL, NULL),
	('2341b601-a250-4fd4-bfdc-2042583dbd41', 'b0000000-0000-0000-0000-00000000000b', 'abigail-mercer', 'Emily Bennett', NULL, NULL, NULL, NULL, 'B Flight', 'open', NULL, '2026-07-15 22:27:45.914002+00', 7.4, NULL, NULL, NULL, NULL),
	('e13c9916-030b-49a5-ab7c-67cdde35a169', 'b0000000-0000-0000-0000-00000000000b', 'abigail-mercer-2', 'Emily Vargas', NULL, NULL, NULL, NULL, 'Championship', 'open', NULL, '2026-07-15 22:27:45.914002+00', 8.5, NULL, NULL, NULL, NULL),
	('9219e903-f7b6-4a14-a5e8-62b6f526d161', 'b0000000-0000-0000-0000-00000000000b', 'grayson-yates', 'Emma Jasper', NULL, NULL, NULL, NULL, 'C Flight', 'open', NULL, '2026-07-15 22:27:45.914002+00', 1.0, NULL, NULL, NULL, NULL),
	('729e9b20-cde3-484a-be9b-cbf39c8ff63f', 'b0000000-0000-0000-0000-00000000000b', 'grayson-yates-2', 'Ella Lambert', NULL, NULL, NULL, NULL, 'A Flight', 'open', NULL, '2026-07-15 22:27:45.914002+00', 19.1, NULL, NULL, NULL, NULL),
	('9180c8d5-009a-4246-aad8-b51e733ec688', 'b0000000-0000-0000-0000-00000000000b', 'emily-coleman', 'Riley Upton', NULL, NULL, NULL, NULL, 'Championship', 'open', NULL, '2026-07-15 22:27:45.914002+00', 13.8, NULL, NULL, NULL, NULL),
	('8742cc4d-1524-4c90-bfbd-56b2c5aa6843', 'b0000000-0000-0000-0000-00000000000b', 'emily-coleman-2', 'Harper Jennings', NULL, NULL, NULL, NULL, 'B Flight', 'open', NULL, '2026-07-15 22:27:45.914002+00', 15.0, NULL, NULL, NULL, NULL),
	('9db1ec2b-5e06-4d4f-adcb-ccebf34d76ec', 'b0000000-0000-0000-0000-00000000000b', 'carter-parrish', 'Grayson Gould', NULL, NULL, NULL, NULL, 'A Flight', 'open', NULL, '2026-07-15 22:27:45.914002+00', 7.1, NULL, NULL, NULL, NULL),
	('e26e3eb0-0444-4490-bfe4-3b40aa632df8', 'b0000000-0000-0000-0000-00000000000b', 'carter-parrish-2', 'Lucas Parrish', NULL, NULL, NULL, NULL, 'C Flight', 'open', NULL, '2026-07-15 22:27:45.914002+00', 4.2, NULL, NULL, NULL, NULL),
	('486e0b2e-7e4b-49be-bcd8-9c84eaa7dbc0', 'b0000000-0000-0000-0000-00000000000b', 'elizabeth-bishop', 'Sebastian Trent', NULL, NULL, NULL, NULL, 'B Flight', 'open', NULL, '2026-07-15 22:27:45.914002+00', 16.5, NULL, NULL, NULL, NULL),
	('cdcffedf-e0d9-4d0e-b4fe-daf51c217ce3', 'b0000000-0000-0000-0000-00000000000b', 'elizabeth-bishop-2', 'Emma Frost', NULL, NULL, NULL, NULL, 'Championship', 'open', NULL, '2026-07-15 22:27:45.914002+00', 13.9, NULL, NULL, NULL, NULL),
	('36407463-1145-40e3-a989-12aba478bbe7', 'b0000000-0000-0000-0000-00000000000b', 'wyatt-hayes', 'Luke Pruitt', NULL, NULL, NULL, NULL, 'C Flight', 'open', NULL, '2026-07-15 22:27:45.914002+00', 0.4, NULL, NULL, NULL, NULL),
	('83024b82-de73-4dc2-988e-98ba0f08a83e', 'b0000000-0000-0000-0000-00000000000b', 'wyatt-hayes-2', 'Isaac Lindgren', NULL, NULL, NULL, NULL, 'A Flight', 'open', NULL, '2026-07-15 22:27:45.914002+00', 10.9, NULL, NULL, NULL, NULL),
	('0808b775-70f0-4726-bcbe-52a215dbd0dc', 'b0000000-0000-0000-0000-00000000000b', 'sofia-sullivan', 'Layla Osborne', NULL, NULL, NULL, NULL, 'Championship', 'open', NULL, '2026-07-15 22:27:45.914002+00', 18.5, NULL, NULL, NULL, NULL),
	('3718947b-577a-45fd-8fee-7f8c6a1e2601', 'b0000000-0000-0000-0000-00000000000b', 'sofia-sullivan-2', 'Isabella Vance', NULL, NULL, NULL, NULL, 'B Flight', 'open', NULL, '2026-07-15 22:27:45.914002+00', 2.6, NULL, NULL, NULL, NULL),
	('d631bd84-06dc-4624-8f4c-e6dba753ee96', 'b0000000-0000-0000-0000-00000000000b', 'owen-ellison', 'Penelope Mercer', NULL, NULL, NULL, NULL, 'A Flight', 'open', NULL, '2026-07-15 22:27:45.914002+00', 7.2, NULL, NULL, NULL, NULL),
	('57a48f70-293f-45bc-8987-1a4ae25928fe', 'b0000000-0000-0000-0000-00000000000b', 'owen-ellison-2', 'Leo Underwood', NULL, NULL, NULL, NULL, 'C Flight', 'open', NULL, '2026-07-15 22:27:45.914002+00', 1.3, NULL, NULL, NULL, NULL),
	('5bc43f37-7257-4961-8161-57be30708770', 'b0000000-0000-0000-0000-00000000000b', 'ella-keller', 'Dylan Nash', NULL, NULL, NULL, NULL, 'B Flight', 'open', NULL, '2026-07-15 22:27:45.914002+00', 8.2, NULL, NULL, NULL, NULL),
	('cab0ce18-5006-4da4-8757-df4ed7b435a0', 'b0000000-0000-0000-0000-00000000000b', 'ella-keller-2', 'Noah Frost', NULL, NULL, NULL, NULL, 'Championship', 'open', NULL, '2026-07-15 22:27:45.914002+00', 10.7, NULL, NULL, NULL, NULL),
	('56b6b0b7-4aa6-40d2-bbd1-74c995b0a87d', 'b0000000-0000-0000-0000-00000000000b', 'luke-vance', 'Sophia Nash', NULL, NULL, NULL, NULL, 'C Flight', 'open', NULL, '2026-07-15 22:27:45.914002+00', 22.7, NULL, NULL, NULL, NULL),
	('2a39393e-4e4a-4180-9e71-daf3cccfff5e', 'b0000000-0000-0000-0000-00000000000b', 'luke-vance-2', 'Sofia Gould', NULL, NULL, NULL, NULL, 'A Flight', 'open', NULL, '2026-07-15 22:27:45.914002+00', 19.9, NULL, NULL, NULL, NULL),
	('3853a8be-5e03-4982-9561-38893b092ecf', 'b0000000-0000-0000-0000-00000000000b', 'avery-hoffman', 'Aiden Gould', NULL, NULL, NULL, NULL, 'Championship', 'open', NULL, '2026-07-15 22:27:45.914002+00', 15.5, NULL, NULL, NULL, NULL),
	('2a2facfd-2424-4f1d-bfc9-e339abe8735b', 'b0000000-0000-0000-0000-00000000000b', 'avery-hoffman-2', 'Emily Hayes', NULL, NULL, NULL, NULL, 'B Flight', 'open', NULL, '2026-07-15 22:27:45.914002+00', 20.4, NULL, NULL, NULL, NULL),
	('769f1ee2-3a40-4ef1-b657-f6974062f539', 'b0000000-0000-0000-0000-00000000000b', 'henry-norris', 'Carter Upton', NULL, NULL, NULL, NULL, 'A Flight', 'open', NULL, '2026-07-15 22:27:45.914002+00', 13.8, NULL, NULL, NULL, NULL),
	('680d33a8-3bd6-4904-b4f7-b3d0c90372a9', 'b0000000-0000-0000-0000-00000000000b', 'henry-norris-2', 'Grayson Ingram', NULL, NULL, NULL, NULL, 'C Flight', 'open', NULL, '2026-07-15 22:27:45.914002+00', 2.8, NULL, NULL, NULL, NULL);


--
-- Data for Name: audit_events; Type: TABLE DATA; Schema: public; Owner: postgres
--

INSERT INTO "public"."audit_events" ("id", "tournament_id", "actor_id", "action", "entity_type", "entity_id", "before", "after", "reason", "ip", "user_agent", "created_at", "actor_identity", "player_id") VALUES
	('5461dcdb-2003-4885-b095-4645745668c1', NULL, '8534a24f-c328-4d6d-8941-47c1aaacb3aa', 'role_change', 'User', '8534a24f-c328-4d6d-8941-47c1aaacb3aa', '{"role": "unassigned"}', '{"role": "owner"}', NULL, '192.168.65.1', 'node', '2026-07-15 21:40:24.748692+00', 'rossedfort@gmail.com', NULL),
	('c51e2c60-f13f-4aa0-ac38-1bc61b0acce1', 'a0000000-0000-0000-0000-00000000000a', '8534a24f-c328-4d6d-8941-47c1aaacb3aa', 'bid_marked_paid', 'Player', '844a4433-8b89-4866-b3e7-704e64479415', '{"buyer_marked_paid_at": null}', '{"amount": 155, "bidder_id": "578368b3-7a1e-45b5-871d-58521309d266", "winning_bid_id": "a9e31871-422b-4c2a-8a1e-36adc8c5e1b2", "buyer_marked_paid_at": "2026-07-15T22:32:02.966+00:00", "buyer_marked_paid_by": "8534a24f-c328-4d6d-8941-47c1aaacb3aa"}', NULL, '192.168.65.1', 'Mozilla/5.0 (Macintosh; Intel Mac OS X 10_15_7) AppleWebKit/537.36 (KHTML, like Gecko) Chrome/149.0.0.0 Safari/537.36', '2026-07-15 22:32:02.971838+00', 'rossedfort@gmail.com', '844a4433-8b89-4866-b3e7-704e64479415'),
	('6fe76fd4-3112-44d7-90fc-e7d4b57241f9', 'a0000000-0000-0000-0000-00000000000a', '8534a24f-c328-4d6d-8941-47c1aaacb3aa', 'payout_marked_paid', 'Payout', 'e1356aea-1c3e-41ea-a5b6-2496e4d13259', '{"marked_paid_at": null}', '{"amount": 1154.7, "bidder_id": "0eaf16db-1a2a-4dd9-922e-2e5f2b2512ba", "placement": 5, "marked_paid_at": "2026-07-15T22:32:11.617+00:00", "marked_paid_by": "8534a24f-c328-4d6d-8941-47c1aaacb3aa"}', NULL, '192.168.65.1', 'Mozilla/5.0 (Macintosh; Intel Mac OS X 10_15_7) AppleWebKit/537.36 (KHTML, like Gecko) Chrome/149.0.0.0 Safari/537.36', '2026-07-15 22:32:11.622338+00', 'rossedfort@gmail.com', 'ad0083a5-a127-4e7a-b5da-88797e501318'),
	('6ed11444-1e04-474b-8f23-d425ad062ff3', 'a0000000-0000-0000-0000-00000000000a', '8534a24f-c328-4d6d-8941-47c1aaacb3aa', 'payout_marked_paid', 'Payout', '418c9ecc-7be5-4327-8e78-7b31bc041fa4', '{"marked_paid_at": null}', '{"amount": 577.35, "bidder_id": "563de983-bf4a-4e05-ab13-2bf4285c11d1", "placement": 7, "marked_paid_at": "2026-07-15T22:32:13.995+00:00", "marked_paid_by": "8534a24f-c328-4d6d-8941-47c1aaacb3aa"}', NULL, '192.168.65.1', 'Mozilla/5.0 (Macintosh; Intel Mac OS X 10_15_7) AppleWebKit/537.36 (KHTML, like Gecko) Chrome/149.0.0.0 Safari/537.36', '2026-07-15 22:32:14.00076+00', 'rossedfort@gmail.com', '121b35ca-f8b8-41ea-8821-d5dd62e7255d'),
	('bde222f4-b279-414f-b13e-e8065030cc7a', 'a0000000-0000-0000-0000-00000000000a', '8534a24f-c328-4d6d-8941-47c1aaacb3aa', 'payout_marked_paid', 'Payout', '09e2d832-650b-416c-a3d8-17274b743045', '{"marked_paid_at": null}', '{"amount": 384.9, "bidder_id": "2fecf686-c7cc-4557-8934-a55c32ad5070", "placement": 8, "marked_paid_at": "2026-07-15T22:32:14.717+00:00", "marked_paid_by": "8534a24f-c328-4d6d-8941-47c1aaacb3aa"}', NULL, '192.168.65.1', 'Mozilla/5.0 (Macintosh; Intel Mac OS X 10_15_7) AppleWebKit/537.36 (KHTML, like Gecko) Chrome/149.0.0.0 Safari/537.36', '2026-07-15 22:32:14.720169+00', 'rossedfort@gmail.com', '7959fb8f-64b5-4488-8cd9-dad9cc405fb7'),
	('15255a61-1a57-4ca1-b091-8d46004ceb3d', 'a0000000-0000-0000-0000-00000000000a', '8534a24f-c328-4d6d-8941-47c1aaacb3aa', 'placement_set', 'Player', '85b125e6-005a-432a-a185-e4ecc132622f', '{"placement": 2}', '{"amount": 4811.25, "payout_id": "8fcdfe59-762b-4c1a-88b2-0b6ee7efbefa", "placement": 2, "pot_share": 0.25}', NULL, '192.168.65.1', 'Mozilla/5.0 (Macintosh; Intel Mac OS X 10_15_7) AppleWebKit/537.36 (KHTML, like Gecko) Chrome/149.0.0.0 Safari/537.36', '2026-07-15 23:08:47.622186+00', 'rossedfort@gmail.com', '85b125e6-005a-432a-a185-e4ecc132622f'),
	('c763f1a8-e33a-4ce9-8118-8da49994118a', 'a0000000-0000-0000-0000-00000000000a', '8534a24f-c328-4d6d-8941-47c1aaacb3aa', 'placement_set', 'Player', '001997d8-ea34-4457-be49-3075402dd8f1', '{"placement": 3}', '{"amount": 2886.75, "payout_id": "d5d09283-33c4-4e43-a143-79c8b1f02759", "placement": 3, "pot_share": 0.15}', NULL, '192.168.65.1', 'Mozilla/5.0 (Macintosh; Intel Mac OS X 10_15_7) AppleWebKit/537.36 (KHTML, like Gecko) Chrome/149.0.0.0 Safari/537.36', '2026-07-15 23:08:47.640429+00', 'rossedfort@gmail.com', '001997d8-ea34-4457-be49-3075402dd8f1'),
	('7132a72b-99a2-41c0-a97c-24b3ee3929b2', 'a0000000-0000-0000-0000-00000000000a', '8534a24f-c328-4d6d-8941-47c1aaacb3aa', 'placement_set', 'Player', '68484768-cc5e-418a-83dc-b6da34e1238c', '{"placement": 4}', '{"amount": 1924.5, "payout_id": "61799dd7-ec9a-4c99-9c21-dd8237eb5cdd", "placement": 4, "pot_share": 0.1}', NULL, '192.168.65.1', 'Mozilla/5.0 (Macintosh; Intel Mac OS X 10_15_7) AppleWebKit/537.36 (KHTML, like Gecko) Chrome/149.0.0.0 Safari/537.36', '2026-07-15 23:08:47.653415+00', 'rossedfort@gmail.com', '68484768-cc5e-418a-83dc-b6da34e1238c'),
	('ea6624d9-cb93-4803-b300-3f8db31c7e15', 'a0000000-0000-0000-0000-00000000000a', '8534a24f-c328-4d6d-8941-47c1aaacb3aa', 'placement_set', 'Player', 'ad0083a5-a127-4e7a-b5da-88797e501318', '{"placement": 5}', '{"amount": 1154.7, "payout_id": "e1356aea-1c3e-41ea-a5b6-2496e4d13259", "placement": 5, "pot_share": 0.06}', NULL, '192.168.65.1', 'Mozilla/5.0 (Macintosh; Intel Mac OS X 10_15_7) AppleWebKit/537.36 (KHTML, like Gecko) Chrome/149.0.0.0 Safari/537.36', '2026-07-15 23:08:47.666056+00', 'rossedfort@gmail.com', 'ad0083a5-a127-4e7a-b5da-88797e501318'),
	('c98cb947-c8eb-4b62-aac4-62a72b3f625a', 'a0000000-0000-0000-0000-00000000000a', '8534a24f-c328-4d6d-8941-47c1aaacb3aa', 'placement_set', 'Player', '8735c67e-1e52-4221-b6d3-c98d15cc6956', '{"placement": 6}', '{"amount": 769.8, "payout_id": "f881e210-8514-40cb-bbd4-43651f6bc2bf", "placement": 6, "pot_share": 0.04}', NULL, '192.168.65.1', 'Mozilla/5.0 (Macintosh; Intel Mac OS X 10_15_7) AppleWebKit/537.36 (KHTML, like Gecko) Chrome/149.0.0.0 Safari/537.36', '2026-07-15 23:08:47.678223+00', 'rossedfort@gmail.com', '8735c67e-1e52-4221-b6d3-c98d15cc6956'),
	('f9d1c137-df0f-4878-b89f-647e59d9b77a', 'a0000000-0000-0000-0000-00000000000a', '8534a24f-c328-4d6d-8941-47c1aaacb3aa', 'placement_set', 'Player', '121b35ca-f8b8-41ea-8821-d5dd62e7255d', '{"placement": 7}', '{"amount": 577.35, "payout_id": "418c9ecc-7be5-4327-8e78-7b31bc041fa4", "placement": 7, "pot_share": 0.03}', NULL, '192.168.65.1', 'Mozilla/5.0 (Macintosh; Intel Mac OS X 10_15_7) AppleWebKit/537.36 (KHTML, like Gecko) Chrome/149.0.0.0 Safari/537.36', '2026-07-15 23:08:47.695655+00', 'rossedfort@gmail.com', '121b35ca-f8b8-41ea-8821-d5dd62e7255d'),
	('ca8687f8-a743-4ad6-87d7-19a4a637d274', 'a0000000-0000-0000-0000-00000000000a', NULL, 'placement_set', 'Player', '121b35ca-f8b8-41ea-8821-d5dd62e7255d', '{"placement": 7}', '{"amount": 577.35, "payout_id": "418c9ecc-7be5-4327-8e78-7b31bc041fa4", "placement": 7, "pot_share": 0.03}', NULL, '192.168.65.1', 'curl/8.7.1', '2026-07-15 23:32:16.846469+00', 'bulk-test-admin@example.com', '121b35ca-f8b8-41ea-8821-d5dd62e7255d'),
	('052c2a7d-b678-4a09-adbf-a01fde8b5f56', 'a0000000-0000-0000-0000-00000000000a', '8534a24f-c328-4d6d-8941-47c1aaacb3aa', 'placement_set', 'Player', '7959fb8f-64b5-4488-8cd9-dad9cc405fb7', '{"placement": 8}', '{"amount": 384.9, "payout_id": "09e2d832-650b-416c-a3d8-17274b743045", "placement": 8, "pot_share": 0.02}', NULL, '192.168.65.1', 'Mozilla/5.0 (Macintosh; Intel Mac OS X 10_15_7) AppleWebKit/537.36 (KHTML, like Gecko) Chrome/149.0.0.0 Safari/537.36', '2026-07-15 23:08:47.707196+00', 'rossedfort@gmail.com', '7959fb8f-64b5-4488-8cd9-dad9cc405fb7'),
	('d46a0194-ab32-4d2c-bafa-d7ce80050279', 'a0000000-0000-0000-0000-00000000000a', '8534a24f-c328-4d6d-8941-47c1aaacb3aa', 'placement_set', 'Player', '85b125e6-005a-432a-a185-e4ecc132622f', '{"placement": 2}', '{"amount": 4811.25, "payout_id": "8fcdfe59-762b-4c1a-88b2-0b6ee7efbefa", "placement": 2, "pot_share": 0.25}', NULL, '192.168.65.1', 'Mozilla/5.0 (Macintosh; Intel Mac OS X 10_15_7) AppleWebKit/537.36 (KHTML, like Gecko) Chrome/149.0.0.0 Safari/537.36', '2026-07-15 23:09:06.105381+00', 'rossedfort@gmail.com', '85b125e6-005a-432a-a185-e4ecc132622f'),
	('c0ed119a-d829-428e-a15d-1263bc3fe84f', 'a0000000-0000-0000-0000-00000000000a', '8534a24f-c328-4d6d-8941-47c1aaacb3aa', 'placement_set', 'Player', '001997d8-ea34-4457-be49-3075402dd8f1', '{"placement": 3}', '{"amount": 2886.75, "payout_id": "d5d09283-33c4-4e43-a143-79c8b1f02759", "placement": 3, "pot_share": 0.15}', NULL, '192.168.65.1', 'Mozilla/5.0 (Macintosh; Intel Mac OS X 10_15_7) AppleWebKit/537.36 (KHTML, like Gecko) Chrome/149.0.0.0 Safari/537.36', '2026-07-15 23:09:06.125828+00', 'rossedfort@gmail.com', '001997d8-ea34-4457-be49-3075402dd8f1'),
	('1aafbf94-3691-47e7-8356-90ca1109d949', 'a0000000-0000-0000-0000-00000000000a', '8534a24f-c328-4d6d-8941-47c1aaacb3aa', 'placement_set', 'Player', '68484768-cc5e-418a-83dc-b6da34e1238c', '{"placement": 4}', '{"amount": 1924.5, "payout_id": "61799dd7-ec9a-4c99-9c21-dd8237eb5cdd", "placement": 4, "pot_share": 0.1}', NULL, '192.168.65.1', 'Mozilla/5.0 (Macintosh; Intel Mac OS X 10_15_7) AppleWebKit/537.36 (KHTML, like Gecko) Chrome/149.0.0.0 Safari/537.36', '2026-07-15 23:09:06.142292+00', 'rossedfort@gmail.com', '68484768-cc5e-418a-83dc-b6da34e1238c'),
	('09f1613d-999a-49ab-8519-96e0392d5b6f', 'a0000000-0000-0000-0000-00000000000a', '8534a24f-c328-4d6d-8941-47c1aaacb3aa', 'placement_set', 'Player', 'ad0083a5-a127-4e7a-b5da-88797e501318', '{"placement": 5}', '{"amount": 1154.7, "payout_id": "e1356aea-1c3e-41ea-a5b6-2496e4d13259", "placement": 5, "pot_share": 0.06}', NULL, '192.168.65.1', 'Mozilla/5.0 (Macintosh; Intel Mac OS X 10_15_7) AppleWebKit/537.36 (KHTML, like Gecko) Chrome/149.0.0.0 Safari/537.36', '2026-07-15 23:09:06.156304+00', 'rossedfort@gmail.com', 'ad0083a5-a127-4e7a-b5da-88797e501318'),
	('bea70c81-e45f-4dbd-be2a-d22d89454c13', 'a0000000-0000-0000-0000-00000000000a', '8534a24f-c328-4d6d-8941-47c1aaacb3aa', 'placement_set', 'Player', '8735c67e-1e52-4221-b6d3-c98d15cc6956', '{"placement": 6}', '{"amount": 769.8, "payout_id": "f881e210-8514-40cb-bbd4-43651f6bc2bf", "placement": 6, "pot_share": 0.04}', NULL, '192.168.65.1', 'Mozilla/5.0 (Macintosh; Intel Mac OS X 10_15_7) AppleWebKit/537.36 (KHTML, like Gecko) Chrome/149.0.0.0 Safari/537.36', '2026-07-15 23:09:06.170711+00', 'rossedfort@gmail.com', '8735c67e-1e52-4221-b6d3-c98d15cc6956'),
	('7647588d-fcc7-43e2-9ad0-5e4c0d1ff7aa', 'a0000000-0000-0000-0000-00000000000a', '8534a24f-c328-4d6d-8941-47c1aaacb3aa', 'placement_set', 'Player', '121b35ca-f8b8-41ea-8821-d5dd62e7255d', '{"placement": 7}', '{"amount": 577.35, "payout_id": "418c9ecc-7be5-4327-8e78-7b31bc041fa4", "placement": 7, "pot_share": 0.03}', NULL, '192.168.65.1', 'Mozilla/5.0 (Macintosh; Intel Mac OS X 10_15_7) AppleWebKit/537.36 (KHTML, like Gecko) Chrome/149.0.0.0 Safari/537.36', '2026-07-15 23:09:06.182929+00', 'rossedfort@gmail.com', '121b35ca-f8b8-41ea-8821-d5dd62e7255d'),
	('b7f0139f-b2f4-41dc-b96b-cc847ade360d', 'a0000000-0000-0000-0000-00000000000a', '8534a24f-c328-4d6d-8941-47c1aaacb3aa', 'placement_set', 'Player', '7959fb8f-64b5-4488-8cd9-dad9cc405fb7', '{"placement": 8}', '{"amount": 384.9, "payout_id": "09e2d832-650b-416c-a3d8-17274b743045", "placement": 8, "pot_share": 0.02}', NULL, '192.168.65.1', 'Mozilla/5.0 (Macintosh; Intel Mac OS X 10_15_7) AppleWebKit/537.36 (KHTML, like Gecko) Chrome/149.0.0.0 Safari/537.36', '2026-07-15 23:09:06.195512+00', 'rossedfort@gmail.com', '7959fb8f-64b5-4488-8cd9-dad9cc405fb7'),
	('068f943d-5e19-42c8-aaa4-13e4c740c7d5', 'a0000000-0000-0000-0000-00000000000a', '8534a24f-c328-4d6d-8941-47c1aaacb3aa', 'placement_set', 'Player', '85b125e6-005a-432a-a185-e4ecc132622f', '{"placement": 2}', '{"amount": 4811.25, "payout_id": "8fcdfe59-762b-4c1a-88b2-0b6ee7efbefa", "placement": 2, "pot_share": 0.25}', NULL, '192.168.65.1', 'Mozilla/5.0 (Macintosh; Intel Mac OS X 10_15_7) AppleWebKit/537.36 (KHTML, like Gecko) Chrome/149.0.0.0 Safari/537.36', '2026-07-15 23:09:28.791738+00', 'rossedfort@gmail.com', '85b125e6-005a-432a-a185-e4ecc132622f'),
	('a49de731-9b8e-4ea3-9b5a-cf7054af4838', 'a0000000-0000-0000-0000-00000000000a', '8534a24f-c328-4d6d-8941-47c1aaacb3aa', 'placement_set', 'Player', '001997d8-ea34-4457-be49-3075402dd8f1', '{"placement": 3}', '{"amount": 2886.75, "payout_id": "d5d09283-33c4-4e43-a143-79c8b1f02759", "placement": 3, "pot_share": 0.15}', NULL, '192.168.65.1', 'Mozilla/5.0 (Macintosh; Intel Mac OS X 10_15_7) AppleWebKit/537.36 (KHTML, like Gecko) Chrome/149.0.0.0 Safari/537.36', '2026-07-15 23:09:28.808754+00', 'rossedfort@gmail.com', '001997d8-ea34-4457-be49-3075402dd8f1'),
	('1b8f200f-45d4-44ca-b482-e0bb79ba31fc', 'a0000000-0000-0000-0000-00000000000a', '8534a24f-c328-4d6d-8941-47c1aaacb3aa', 'placement_set', 'Player', '68484768-cc5e-418a-83dc-b6da34e1238c', '{"placement": 4}', '{"amount": 1924.5, "payout_id": "61799dd7-ec9a-4c99-9c21-dd8237eb5cdd", "placement": 4, "pot_share": 0.1}', NULL, '192.168.65.1', 'Mozilla/5.0 (Macintosh; Intel Mac OS X 10_15_7) AppleWebKit/537.36 (KHTML, like Gecko) Chrome/149.0.0.0 Safari/537.36', '2026-07-15 23:09:28.823971+00', 'rossedfort@gmail.com', '68484768-cc5e-418a-83dc-b6da34e1238c'),
	('3dde3caa-c307-459a-970a-379370938916', 'a0000000-0000-0000-0000-00000000000a', '8534a24f-c328-4d6d-8941-47c1aaacb3aa', 'placement_set', 'Player', 'ad0083a5-a127-4e7a-b5da-88797e501318', '{"placement": 5}', '{"amount": 1154.7, "payout_id": "e1356aea-1c3e-41ea-a5b6-2496e4d13259", "placement": 5, "pot_share": 0.06}', NULL, '192.168.65.1', 'Mozilla/5.0 (Macintosh; Intel Mac OS X 10_15_7) AppleWebKit/537.36 (KHTML, like Gecko) Chrome/149.0.0.0 Safari/537.36', '2026-07-15 23:09:28.84011+00', 'rossedfort@gmail.com', 'ad0083a5-a127-4e7a-b5da-88797e501318'),
	('162fdf7a-d975-4ab1-99f6-dc59a3bd582f', 'a0000000-0000-0000-0000-00000000000a', '8534a24f-c328-4d6d-8941-47c1aaacb3aa', 'placement_set', 'Player', '8735c67e-1e52-4221-b6d3-c98d15cc6956', '{"placement": 6}', '{"amount": 769.8, "payout_id": "f881e210-8514-40cb-bbd4-43651f6bc2bf", "placement": 6, "pot_share": 0.04}', NULL, '192.168.65.1', 'Mozilla/5.0 (Macintosh; Intel Mac OS X 10_15_7) AppleWebKit/537.36 (KHTML, like Gecko) Chrome/149.0.0.0 Safari/537.36', '2026-07-15 23:09:28.855854+00', 'rossedfort@gmail.com', '8735c67e-1e52-4221-b6d3-c98d15cc6956'),
	('7896bb8c-b659-4332-a16c-3a7f5726f890', 'a0000000-0000-0000-0000-00000000000a', '8534a24f-c328-4d6d-8941-47c1aaacb3aa', 'placement_set', 'Player', '121b35ca-f8b8-41ea-8821-d5dd62e7255d', '{"placement": 7}', '{"amount": 577.35, "payout_id": "418c9ecc-7be5-4327-8e78-7b31bc041fa4", "placement": 7, "pot_share": 0.03}', NULL, '192.168.65.1', 'Mozilla/5.0 (Macintosh; Intel Mac OS X 10_15_7) AppleWebKit/537.36 (KHTML, like Gecko) Chrome/149.0.0.0 Safari/537.36', '2026-07-15 23:09:28.871088+00', 'rossedfort@gmail.com', '121b35ca-f8b8-41ea-8821-d5dd62e7255d'),
	('2c30291b-1111-47fd-9021-44ac4debde2e', 'a0000000-0000-0000-0000-00000000000a', '8534a24f-c328-4d6d-8941-47c1aaacb3aa', 'placement_set', 'Player', '7959fb8f-64b5-4488-8cd9-dad9cc405fb7', '{"placement": 8}', '{"amount": 384.9, "payout_id": "09e2d832-650b-416c-a3d8-17274b743045", "placement": 8, "pot_share": 0.02}', NULL, '192.168.65.1', 'Mozilla/5.0 (Macintosh; Intel Mac OS X 10_15_7) AppleWebKit/537.36 (KHTML, like Gecko) Chrome/149.0.0.0 Safari/537.36', '2026-07-15 23:09:28.882879+00', 'rossedfort@gmail.com', '7959fb8f-64b5-4488-8cd9-dad9cc405fb7'),
	('80defd34-0ae9-4020-bf3e-3ee54bf37036', 'a0000000-0000-0000-0000-00000000000a', '8534a24f-c328-4d6d-8941-47c1aaacb3aa', 'placement_set', 'Player', '85b125e6-005a-432a-a185-e4ecc132622f', '{"placement": 2}', '{"amount": 4811.25, "payout_id": "8fcdfe59-762b-4c1a-88b2-0b6ee7efbefa", "placement": 2, "pot_share": 0.25}', NULL, '192.168.65.1', 'Mozilla/5.0 (Macintosh; Intel Mac OS X 10_15_7) AppleWebKit/537.36 (KHTML, like Gecko) Chrome/149.0.0.0 Safari/537.36', '2026-07-15 23:09:35.080363+00', 'rossedfort@gmail.com', '85b125e6-005a-432a-a185-e4ecc132622f'),
	('2208aac6-8cfb-46c2-91e5-3798ac2004a5', 'a0000000-0000-0000-0000-00000000000a', '8534a24f-c328-4d6d-8941-47c1aaacb3aa', 'placement_set', 'Player', '001997d8-ea34-4457-be49-3075402dd8f1', '{"placement": 3}', '{"amount": 2886.75, "payout_id": "d5d09283-33c4-4e43-a143-79c8b1f02759", "placement": 3, "pot_share": 0.15}', NULL, '192.168.65.1', 'Mozilla/5.0 (Macintosh; Intel Mac OS X 10_15_7) AppleWebKit/537.36 (KHTML, like Gecko) Chrome/149.0.0.0 Safari/537.36', '2026-07-15 23:09:35.114918+00', 'rossedfort@gmail.com', '001997d8-ea34-4457-be49-3075402dd8f1'),
	('742743b2-469c-40a0-882d-34684695a50e', 'a0000000-0000-0000-0000-00000000000a', '8534a24f-c328-4d6d-8941-47c1aaacb3aa', 'placement_set', 'Player', '68484768-cc5e-418a-83dc-b6da34e1238c', '{"placement": 4}', '{"amount": 1924.5, "payout_id": "61799dd7-ec9a-4c99-9c21-dd8237eb5cdd", "placement": 4, "pot_share": 0.1}', NULL, '192.168.65.1', 'Mozilla/5.0 (Macintosh; Intel Mac OS X 10_15_7) AppleWebKit/537.36 (KHTML, like Gecko) Chrome/149.0.0.0 Safari/537.36', '2026-07-15 23:09:35.140035+00', 'rossedfort@gmail.com', '68484768-cc5e-418a-83dc-b6da34e1238c'),
	('d89f433b-c0fb-446b-8b07-a323fb414127', 'a0000000-0000-0000-0000-00000000000a', '8534a24f-c328-4d6d-8941-47c1aaacb3aa', 'placement_set', 'Player', 'ad0083a5-a127-4e7a-b5da-88797e501318', '{"placement": 5}', '{"amount": 1154.7, "payout_id": "e1356aea-1c3e-41ea-a5b6-2496e4d13259", "placement": 5, "pot_share": 0.06}', NULL, '192.168.65.1', 'Mozilla/5.0 (Macintosh; Intel Mac OS X 10_15_7) AppleWebKit/537.36 (KHTML, like Gecko) Chrome/149.0.0.0 Safari/537.36', '2026-07-15 23:09:35.161291+00', 'rossedfort@gmail.com', 'ad0083a5-a127-4e7a-b5da-88797e501318'),
	('b2f4a35e-8717-4dc7-bcb2-2709f5d400b9', 'a0000000-0000-0000-0000-00000000000a', '8534a24f-c328-4d6d-8941-47c1aaacb3aa', 'placement_set', 'Player', '8735c67e-1e52-4221-b6d3-c98d15cc6956', '{"placement": 6}', '{"amount": 769.8, "payout_id": "f881e210-8514-40cb-bbd4-43651f6bc2bf", "placement": 6, "pot_share": 0.04}', NULL, '192.168.65.1', 'Mozilla/5.0 (Macintosh; Intel Mac OS X 10_15_7) AppleWebKit/537.36 (KHTML, like Gecko) Chrome/149.0.0.0 Safari/537.36', '2026-07-15 23:09:35.181121+00', 'rossedfort@gmail.com', '8735c67e-1e52-4221-b6d3-c98d15cc6956'),
	('93a8c5fc-e77c-4600-84f6-69fb401b794b', 'a0000000-0000-0000-0000-00000000000a', '8534a24f-c328-4d6d-8941-47c1aaacb3aa', 'placement_set', 'Player', '121b35ca-f8b8-41ea-8821-d5dd62e7255d', '{"placement": 7}', '{"amount": 577.35, "payout_id": "418c9ecc-7be5-4327-8e78-7b31bc041fa4", "placement": 7, "pot_share": 0.03}', NULL, '192.168.65.1', 'Mozilla/5.0 (Macintosh; Intel Mac OS X 10_15_7) AppleWebKit/537.36 (KHTML, like Gecko) Chrome/149.0.0.0 Safari/537.36', '2026-07-15 23:09:35.19959+00', 'rossedfort@gmail.com', '121b35ca-f8b8-41ea-8821-d5dd62e7255d'),
	('abc447d7-6afd-4afc-b065-562b63119da8', 'a0000000-0000-0000-0000-00000000000a', '8534a24f-c328-4d6d-8941-47c1aaacb3aa', 'placement_set', 'Player', '7959fb8f-64b5-4488-8cd9-dad9cc405fb7', '{"placement": 8}', '{"amount": 384.9, "payout_id": "09e2d832-650b-416c-a3d8-17274b743045", "placement": 8, "pot_share": 0.02}', NULL, '192.168.65.1', 'Mozilla/5.0 (Macintosh; Intel Mac OS X 10_15_7) AppleWebKit/537.36 (KHTML, like Gecko) Chrome/149.0.0.0 Safari/537.36', '2026-07-15 23:09:35.221834+00', 'rossedfort@gmail.com', '7959fb8f-64b5-4488-8cd9-dad9cc405fb7'),
	('e4fe86eb-3259-41fe-8d60-80eb1f684816', 'a0000000-0000-0000-0000-00000000000a', '8534a24f-c328-4d6d-8941-47c1aaacb3aa', 'placement_set', 'Player', '85b125e6-005a-432a-a185-e4ecc132622f', '{"placement": 2}', '{"amount": 4811.25, "payout_id": "8fcdfe59-762b-4c1a-88b2-0b6ee7efbefa", "placement": 2, "pot_share": 0.25}', NULL, '192.168.65.1', 'Mozilla/5.0 (Macintosh; Intel Mac OS X 10_15_7) AppleWebKit/537.36 (KHTML, like Gecko) Chrome/149.0.0.0 Safari/537.36', '2026-07-15 23:11:43.184157+00', 'rossedfort@gmail.com', '85b125e6-005a-432a-a185-e4ecc132622f'),
	('7ad037eb-2307-450f-8f26-9f7c48b3d861', 'a0000000-0000-0000-0000-00000000000a', '8534a24f-c328-4d6d-8941-47c1aaacb3aa', 'placement_set', 'Player', '001997d8-ea34-4457-be49-3075402dd8f1', '{"placement": 3}', '{"amount": 2886.75, "payout_id": "d5d09283-33c4-4e43-a143-79c8b1f02759", "placement": 3, "pot_share": 0.15}', NULL, '192.168.65.1', 'Mozilla/5.0 (Macintosh; Intel Mac OS X 10_15_7) AppleWebKit/537.36 (KHTML, like Gecko) Chrome/149.0.0.0 Safari/537.36', '2026-07-15 23:11:43.209548+00', 'rossedfort@gmail.com', '001997d8-ea34-4457-be49-3075402dd8f1'),
	('0c053dfa-fe4a-4877-b2fb-29afc00c658b', 'a0000000-0000-0000-0000-00000000000a', '8534a24f-c328-4d6d-8941-47c1aaacb3aa', 'placement_set', 'Player', '68484768-cc5e-418a-83dc-b6da34e1238c', '{"placement": 4}', '{"amount": 1924.5, "payout_id": "61799dd7-ec9a-4c99-9c21-dd8237eb5cdd", "placement": 4, "pot_share": 0.1}', NULL, '192.168.65.1', 'Mozilla/5.0 (Macintosh; Intel Mac OS X 10_15_7) AppleWebKit/537.36 (KHTML, like Gecko) Chrome/149.0.0.0 Safari/537.36', '2026-07-15 23:11:43.231571+00', 'rossedfort@gmail.com', '68484768-cc5e-418a-83dc-b6da34e1238c'),
	('b38dda3d-d09b-413d-88f1-edbe7070e2f2', 'a0000000-0000-0000-0000-00000000000a', '8534a24f-c328-4d6d-8941-47c1aaacb3aa', 'placement_set', 'Player', 'ad0083a5-a127-4e7a-b5da-88797e501318', '{"placement": 5}', '{"amount": 1154.7, "payout_id": "e1356aea-1c3e-41ea-a5b6-2496e4d13259", "placement": 5, "pot_share": 0.06}', NULL, '192.168.65.1', 'Mozilla/5.0 (Macintosh; Intel Mac OS X 10_15_7) AppleWebKit/537.36 (KHTML, like Gecko) Chrome/149.0.0.0 Safari/537.36', '2026-07-15 23:11:43.246286+00', 'rossedfort@gmail.com', 'ad0083a5-a127-4e7a-b5da-88797e501318'),
	('60966e0a-a7e6-4240-98f5-e355685713cb', 'a0000000-0000-0000-0000-00000000000a', '8534a24f-c328-4d6d-8941-47c1aaacb3aa', 'placement_set', 'Player', '8735c67e-1e52-4221-b6d3-c98d15cc6956', '{"placement": 6}', '{"amount": 769.8, "payout_id": "f881e210-8514-40cb-bbd4-43651f6bc2bf", "placement": 6, "pot_share": 0.04}', NULL, '192.168.65.1', 'Mozilla/5.0 (Macintosh; Intel Mac OS X 10_15_7) AppleWebKit/537.36 (KHTML, like Gecko) Chrome/149.0.0.0 Safari/537.36', '2026-07-15 23:11:43.259726+00', 'rossedfort@gmail.com', '8735c67e-1e52-4221-b6d3-c98d15cc6956'),
	('b333a2fb-a329-4833-a470-be98a2690308', 'a0000000-0000-0000-0000-00000000000a', '8534a24f-c328-4d6d-8941-47c1aaacb3aa', 'placement_set', 'Player', '121b35ca-f8b8-41ea-8821-d5dd62e7255d', '{"placement": 7}', '{"amount": 577.35, "payout_id": "418c9ecc-7be5-4327-8e78-7b31bc041fa4", "placement": 7, "pot_share": 0.03}', NULL, '192.168.65.1', 'Mozilla/5.0 (Macintosh; Intel Mac OS X 10_15_7) AppleWebKit/537.36 (KHTML, like Gecko) Chrome/149.0.0.0 Safari/537.36', '2026-07-15 23:11:43.27741+00', 'rossedfort@gmail.com', '121b35ca-f8b8-41ea-8821-d5dd62e7255d'),
	('cbdede7d-2ed6-4d28-b369-de5e3d8e5aee', 'a0000000-0000-0000-0000-00000000000a', '8534a24f-c328-4d6d-8941-47c1aaacb3aa', 'placement_set', 'Player', '7959fb8f-64b5-4488-8cd9-dad9cc405fb7', '{"placement": 8}', '{"amount": 384.9, "payout_id": "09e2d832-650b-416c-a3d8-17274b743045", "placement": 8, "pot_share": 0.02}', NULL, '192.168.65.1', 'Mozilla/5.0 (Macintosh; Intel Mac OS X 10_15_7) AppleWebKit/537.36 (KHTML, like Gecko) Chrome/149.0.0.0 Safari/537.36', '2026-07-15 23:11:43.291509+00', 'rossedfort@gmail.com', '7959fb8f-64b5-4488-8cd9-dad9cc405fb7'),
	('00a8eaf2-8a95-4bc8-9155-1db56f69cb51', 'a0000000-0000-0000-0000-00000000000a', NULL, 'placement_set', 'Player', 'bafa6544-a659-4d70-899e-45ee0202e535', '{"placement": 1}', '{"amount": 6735.75, "payout_id": "e350e260-b486-49e2-b712-417fa9caa654", "placement": 1, "pot_share": 0.35}', NULL, '192.168.65.1', 'curl/8.7.1', '2026-07-15 23:32:16.821311+00', 'bulk-test-admin@example.com', 'bafa6544-a659-4d70-899e-45ee0202e535'),
	('1d90c66f-d656-431c-aef7-c9ab819dc6c7', 'a0000000-0000-0000-0000-00000000000a', NULL, 'placement_set', 'Player', '85b125e6-005a-432a-a185-e4ecc132622f', '{"placement": 2}', '{"amount": 4811.25, "payout_id": "8fcdfe59-762b-4c1a-88b2-0b6ee7efbefa", "placement": 2, "pot_share": 0.25}', NULL, '192.168.65.1', 'curl/8.7.1', '2026-07-15 23:32:16.827827+00', 'bulk-test-admin@example.com', '85b125e6-005a-432a-a185-e4ecc132622f'),
	('b1e75b6d-4ebc-4948-a3e0-3706756c797f', 'a0000000-0000-0000-0000-00000000000a', NULL, 'placement_set', 'Player', '001997d8-ea34-4457-be49-3075402dd8f1', '{"placement": 3}', '{"amount": 2886.75, "payout_id": "d5d09283-33c4-4e43-a143-79c8b1f02759", "placement": 3, "pot_share": 0.15}', NULL, '192.168.65.1', 'curl/8.7.1', '2026-07-15 23:32:16.831523+00', 'bulk-test-admin@example.com', '001997d8-ea34-4457-be49-3075402dd8f1'),
	('42db6e42-4b81-4c92-86ef-8b3492e8f9de', 'a0000000-0000-0000-0000-00000000000a', NULL, 'placement_set', 'Player', '68484768-cc5e-418a-83dc-b6da34e1238c', '{"placement": 4}', '{"amount": 1924.5, "payout_id": "61799dd7-ec9a-4c99-9c21-dd8237eb5cdd", "placement": 4, "pot_share": 0.1}', NULL, '192.168.65.1', 'curl/8.7.1', '2026-07-15 23:32:16.835905+00', 'bulk-test-admin@example.com', '68484768-cc5e-418a-83dc-b6da34e1238c'),
	('6614452e-05bb-4d39-8aa6-5ac6dfc51ddb', 'a0000000-0000-0000-0000-00000000000a', NULL, 'placement_set', 'Player', 'ad0083a5-a127-4e7a-b5da-88797e501318', '{"placement": 5}', '{"amount": 1154.7, "payout_id": "e1356aea-1c3e-41ea-a5b6-2496e4d13259", "placement": 5, "pot_share": 0.06}', NULL, '192.168.65.1', 'curl/8.7.1', '2026-07-15 23:32:16.839831+00', 'bulk-test-admin@example.com', 'ad0083a5-a127-4e7a-b5da-88797e501318'),
	('87819163-3fcc-4686-b827-24ccc706f1b9', 'a0000000-0000-0000-0000-00000000000a', NULL, 'placement_set', 'Player', '8735c67e-1e52-4221-b6d3-c98d15cc6956', '{"placement": 6}', '{"amount": 769.8, "payout_id": "f881e210-8514-40cb-bbd4-43651f6bc2bf", "placement": 6, "pot_share": 0.04}', NULL, '192.168.65.1', 'curl/8.7.1', '2026-07-15 23:32:16.843506+00', 'bulk-test-admin@example.com', '8735c67e-1e52-4221-b6d3-c98d15cc6956'),
	('23aeb2d8-5d5a-4831-ae82-19fa0fddbbeb', 'a0000000-0000-0000-0000-00000000000a', NULL, 'placement_set', 'Player', '5b49d207-ffe5-4ee8-93d5-b64facaa1688', '{"placement": null}', '{"amount": 384.9, "payout_id": "fb5d4fab-dd5b-4391-8bfa-4d83db5807d6", "placement": 8, "pot_share": 0.02}', NULL, '192.168.65.1', 'curl/8.7.1', '2026-07-15 23:32:16.851034+00', 'bulk-test-admin@example.com', '5b49d207-ffe5-4ee8-93d5-b64facaa1688'),
	('d0d25098-57fb-40d8-b267-8bc6acbf9ec6', 'a0000000-0000-0000-0000-00000000000a', NULL, 'placement_cleared', 'Player', '7959fb8f-64b5-4488-8cd9-dad9cc405fb7', '{"placement": 8}', '{"placement": null}', NULL, '192.168.65.1', 'curl/8.7.1', '2026-07-15 23:32:16.85192+00', 'bulk-test-admin@example.com', '7959fb8f-64b5-4488-8cd9-dad9cc405fb7'),
	('b2828df5-73fd-4d74-96f4-e6b97b69a42f', NULL, '82971f4d-aaef-428e-a8f3-fcf177cad9b5', 'role_change', 'User', '82971f4d-aaef-428e-a8f3-fcf177cad9b5', '{"role": "unassigned"}', '{"role": "owner"}', NULL, '192.168.65.1', 'node', '2026-07-16 13:54:52.612234+00', 'rossedfort@gmail.com', NULL);


--
-- Data for Name: bids; Type: TABLE DATA; Schema: public; Owner: postgres
--

INSERT INTO "public"."bids" ("id", "player_id", "bidder_id", "amount", "phase", "placed_at", "voided_at", "void_reason") VALUES
	('ccad1f5a-7a2b-4b1c-8a0e-dbf2852fd129', '18e70178-786b-41e7-ab06-7e47884c3237', '9d1b3299-5300-4c19-9978-774b7c22fcca', 85.00, 'silent', '2026-07-15 22:27:45.904144+00', NULL, NULL),
	('7c90eafc-7aa7-4b8a-a122-0ccf19ae1b32', 'cf818544-aaf3-490c-8dd2-da58a937e96e', '580a5778-ed05-4c15-9c11-c404fbd8a0a2', 430.00, 'live', '2026-07-15 22:27:45.904144+00', NULL, NULL),
	('7fcdd758-1d03-4d30-88ce-b573f2d4db07', '7c78a26a-dca4-45b8-976e-70464406c680', 'ee1db5e5-d8fd-4d77-b1b8-7cefd22afce0', 275.00, 'silent', '2026-07-15 22:27:45.904144+00', NULL, NULL),
	('2e82a5d2-b380-40e5-92ff-b0e75986494c', '5dc702f8-a755-47de-8c5c-9f9f3c66c9da', 'da0752d3-4e71-45f5-8487-739cb2fa2801', 325.00, 'silent', '2026-07-15 22:27:45.904144+00', NULL, NULL),
	('94438729-69b0-4023-bba9-1225824b3229', 'e9742785-78fa-4b0d-b643-18f3e23b246f', '1cc16532-65cf-42d1-9fcd-0499f6363615', 315.00, 'live', '2026-07-15 22:27:45.904144+00', NULL, NULL),
	('d4c702fe-453b-498a-a859-67acba6c4e32', '68484768-cc5e-418a-83dc-b6da34e1238c', 'da0752d3-4e71-45f5-8487-739cb2fa2801', 300.00, 'silent', '2026-07-15 22:27:45.904144+00', NULL, NULL),
	('70106c8b-f364-4928-be17-0717a6de6808', '8735c67e-1e52-4221-b6d3-c98d15cc6956', '3d9693d4-b9c3-4973-a60e-3bbf0f69c768', 210.00, 'silent', '2026-07-15 22:27:45.904144+00', NULL, NULL),
	('85b9cfbe-9e08-4d93-b58e-66bf47acdc0a', '4bc4ad96-ede2-4635-9f88-503f053e919f', 'da0752d3-4e71-45f5-8487-739cb2fa2801', 440.00, 'live', '2026-07-15 22:27:45.904144+00', NULL, NULL),
	('14c6eecb-233c-4d85-b08a-5be29a897a72', 'e0f7b608-52bb-40f1-9087-d9d03ca7c70a', 'e01706df-9999-4009-b0cf-232f1e1a6d3b', 170.00, 'silent', '2026-07-15 22:27:45.904144+00', NULL, NULL),
	('d9283c99-5f16-4569-a6a9-94187a2a5a12', 'f5bae52a-3eaf-4705-9869-b2c14e19d612', '93fc7128-01ed-47b4-a4a2-4978679d90f8', 185.00, 'silent', '2026-07-15 22:27:45.904144+00', NULL, NULL),
	('53e51e6e-c00e-42aa-b4f6-b40dd35ad6f4', '542266fe-7f7a-41bb-b77f-0d8d4c162116', 'ec019015-ce84-4597-81e2-312a707ad2bd', 355.00, 'live', '2026-07-15 22:27:45.904144+00', NULL, NULL),
	('859c1fd1-7dd3-49df-be83-be61839c7d48', '1e032a88-2d1b-49a1-a7b0-5ffc82074113', '7e7778cc-1c8d-4e71-b422-6032538e1b39', 435.00, 'silent', '2026-07-15 22:27:45.904144+00', NULL, NULL),
	('854eee75-0d20-4306-a094-56c6a7d19f81', '57e814de-a710-4b61-ab9a-7162de6240d7', '563de983-bf4a-4e05-ab13-2bf4285c11d1', 340.00, 'silent', '2026-07-15 22:27:45.904144+00', NULL, NULL),
	('8a3c50f9-ab9d-4831-8da7-0414b0306bef', '39ecf020-a311-4c2d-a8d9-91749242c981', '93fc7128-01ed-47b4-a4a2-4978679d90f8', 145.00, 'live', '2026-07-15 22:27:45.904144+00', NULL, NULL),
	('6fd3bb28-9b82-42f7-8447-437a0f02109b', '16be753f-17a8-4b0c-a81b-14c333e12be3', 'dcd8b6c8-f9c7-4faf-a90c-6185f1d96c38', 335.00, 'silent', '2026-07-15 22:27:45.904144+00', NULL, NULL),
	('d9509f44-513b-4a50-a545-fc103b8b0744', '9c513b72-46dc-46ce-ab46-672a629a2d46', 'e01706df-9999-4009-b0cf-232f1e1a6d3b', 230.00, 'silent', '2026-07-15 22:27:45.904144+00', NULL, NULL),
	('d81b83ed-34c3-48b8-bc40-fc13ae705feb', '8941c867-8a46-4804-a268-a76f96131f22', '3dd89117-cfef-4185-ae4b-d9e1a5231109', 375.00, 'live', '2026-07-15 22:27:45.904144+00', NULL, NULL),
	('c588153d-0f6c-44be-acf1-7348e05ac57f', '7ba39b0f-45ad-494a-b6cd-df573cc02b45', '8a87b102-cb0d-483b-a464-d736ac4961e0', 190.00, 'silent', '2026-07-15 22:27:45.904144+00', NULL, NULL),
	('e29d2e1d-6f9f-4f52-8655-01d44157bc26', '58a58635-95b1-4584-84c1-6289ce8db9ce', '02a11415-76f6-45e5-bab8-64bbe5cb5c97', 265.00, 'silent', '2026-07-15 22:27:45.904144+00', NULL, NULL),
	('88326717-7427-4bd8-9a8b-715d978f7172', '2d79a1e5-127f-486a-9281-b32605d78bfc', '5e64255e-4a1d-418b-8456-8dae57567288', 415.00, 'live', '2026-07-15 22:27:45.904144+00', NULL, NULL),
	('2fa2ae5b-70d9-4abc-985c-9bf504962e6c', '74fa7ada-ef69-4ac3-8bdc-97633300dcae', '3dd89117-cfef-4185-ae4b-d9e1a5231109', 275.00, 'silent', '2026-07-15 22:27:45.904144+00', NULL, NULL),
	('05867447-af8b-4783-a199-08f2d434eed5', '9160d3e2-d85e-41fa-9177-c08739f52144', 'b45e232d-50f0-4cea-8974-68686b8412d4', 310.00, 'silent', '2026-07-15 22:27:45.904144+00', NULL, NULL),
	('614cf6d5-fc58-4c9d-a185-f539df38ac49', 'bafa6544-a659-4d70-899e-45ee0202e535', '3dd89117-cfef-4185-ae4b-d9e1a5231109', 280.00, 'live', '2026-07-15 22:27:45.904144+00', NULL, NULL),
	('0f17a7a4-37a3-45c9-a6b4-041589ee2c75', 'b4781b5e-ef9d-4156-9ee2-777835e196e6', '93fc7128-01ed-47b4-a4a2-4978679d90f8', 270.00, 'silent', '2026-07-15 22:27:45.904144+00', NULL, NULL),
	('d1a2c779-215c-43f0-bf68-547f3fed6f3b', 'e89a4208-f68f-49bc-a2ee-a47bf2520049', 'e01706df-9999-4009-b0cf-232f1e1a6d3b', 405.00, 'silent', '2026-07-15 22:27:45.904144+00', NULL, NULL),
	('17d86dbb-3016-449d-9b90-bfc78318b20f', '1d4b3bf0-74a7-440e-80fb-8a6a478757d1', '93fc7128-01ed-47b4-a4a2-4978679d90f8', 160.00, 'live', '2026-07-15 22:27:45.904144+00', NULL, NULL),
	('c1a70c69-883d-4e37-9825-ea66841ea6b2', '4e6bf585-c2e0-4f54-9848-8c7fb652d7e7', 'b2533dc6-6b8e-42ed-8ea4-ece5aea1d07a', 285.00, 'silent', '2026-07-15 22:27:45.904144+00', NULL, NULL),
	('c03da6cb-102a-4bb6-a07a-2f72c4b9620e', '121b35ca-f8b8-41ea-8821-d5dd62e7255d', '563de983-bf4a-4e05-ab13-2bf4285c11d1', 295.00, 'silent', '2026-07-15 22:27:45.904144+00', NULL, NULL),
	('74f6b81b-de2a-48c5-b4c1-0fdd63bb8d71', 'e392e4c5-b961-4056-a332-c27ba639c4a1', '5e64255e-4a1d-418b-8456-8dae57567288', 355.00, 'live', '2026-07-15 22:27:45.904144+00', NULL, NULL),
	('b0874b92-24b3-4f1c-aa79-2e9dc3dd0e60', '788268bb-6c1f-49d3-8f49-67b4161bec1f', '84b12a18-cfc6-491b-907d-5b70cc4cc31a', 365.00, 'silent', '2026-07-15 22:27:45.904144+00', NULL, NULL),
	('56179793-f0b6-45d9-9c20-5ef1ef64565d', 'ed79bbef-e506-4931-9f0e-018d90dc6560', '491e5a7b-41ec-4865-866b-887a2e4a426c', 100.00, 'silent', '2026-07-15 22:27:45.904144+00', NULL, NULL),
	('17b3720b-c771-42f7-b4db-36fe288517e6', '2615253e-6dba-4369-ac62-7aeb807605a3', '3d9693d4-b9c3-4973-a60e-3bbf0f69c768', 355.00, 'live', '2026-07-15 22:27:45.904144+00', NULL, NULL),
	('e994245d-576f-40f1-9f2a-38dcb1cb0aa9', '872c937d-8c36-44d8-a3d5-4c363e984784', '1cc16532-65cf-42d1-9fcd-0499f6363615', 150.00, 'silent', '2026-07-15 22:27:45.904144+00', NULL, NULL),
	('c085bf21-b612-4ac7-83d1-17adfadfde33', 'b78ed648-5014-426e-be2a-7d224dfc1f77', '2fecf686-c7cc-4557-8934-a55c32ad5070', 220.00, 'silent', '2026-07-15 22:27:45.904144+00', NULL, NULL),
	('59d823de-1512-449c-a29d-1ddb391ba166', '7bc86106-b5b6-4796-aef7-e15e7f35133b', 'dcd8b6c8-f9c7-4faf-a90c-6185f1d96c38', 160.00, 'silent', '2026-07-15 22:27:45.904144+00', NULL, NULL),
	('363e51cd-b266-40c0-b674-123df896f0cc', '2661bf04-c663-4417-82ab-ab18bd0b70c5', '9d1b3299-5300-4c19-9978-774b7c22fcca', 475.00, 'silent', '2026-07-15 22:27:45.904144+00', NULL, NULL),
	('b7ea0ca6-c213-4092-aa56-ce6146efbd1e', '61515568-439e-4401-a32c-17fa1af83476', '2780ac0c-710b-437d-821e-5f556538b751', 105.00, 'silent', '2026-07-15 22:27:45.904144+00', NULL, NULL),
	('856b23c6-8b90-4dae-b029-1c4569d42add', '4eb32ef4-354e-4c94-940d-6781fed720ca', '3d9693d4-b9c3-4973-a60e-3bbf0f69c768', 365.00, 'silent', '2026-07-15 22:27:45.904144+00', NULL, NULL),
	('72037f21-bf8e-4af4-a27d-b8ad4cc1f3db', '5b49d207-ffe5-4ee8-93d5-b64facaa1688', 'a15f91f7-5935-4b39-a855-37073ddaa696', 320.00, 'silent', '2026-07-15 22:27:45.904144+00', NULL, NULL),
	('1c644145-5ac1-428e-9ac3-c30eb6281791', '565b5331-a388-425f-bea8-8b40fcc034c6', 'd95359c4-47e0-4521-94e5-8fd0b15690e5', 100.00, 'silent', '2026-07-15 22:27:45.904144+00', NULL, NULL),
	('a9e31871-422b-4c2a-8a1e-36adc8c5e1b2', '844a4433-8b89-4866-b3e7-704e64479415', '578368b3-7a1e-45b5-871d-58521309d266', 155.00, 'silent', '2026-07-15 22:27:45.904144+00', NULL, NULL),
	('870df83e-d06b-492f-a801-a8afbb2eeeb2', '0a7f4c74-9bc5-4172-8306-0b00b75c455b', '7e7778cc-1c8d-4e71-b422-6032538e1b39', 370.00, 'silent', '2026-07-15 22:27:45.904144+00', NULL, NULL),
	('5f1f8886-7162-4da6-9b7b-ae3e5e2bb1f4', '345e46d9-4587-4b64-8cf4-9edf3aec682a', 'aeffa149-20f4-40ff-b7d7-69e598121bdd', 330.00, 'silent', '2026-07-15 22:27:45.904144+00', NULL, NULL),
	('a97d3e21-4fd8-424e-8ec5-6d3c614a9f63', '2ce66b21-00dd-4b49-b82f-acd3e7527be6', '578368b3-7a1e-45b5-871d-58521309d266', 85.00, 'live', '2026-07-15 22:27:45.904144+00', NULL, NULL),
	('5ee27a13-d501-488a-9cd1-17150a005442', '103529d8-33fa-4418-8e58-48b183ebe2a2', '5e1f79b3-f35f-4d7c-8b2c-905820438a59', 350.00, 'silent', '2026-07-15 22:27:45.904144+00', NULL, NULL),
	('2c4426a5-6664-4e0a-8e40-f66985c3346e', '85b125e6-005a-432a-a185-e4ecc132622f', '9fe07ec4-361c-4511-b613-2690e73f2cf4', 385.00, 'live', '2026-07-15 22:27:45.904144+00', NULL, NULL),
	('16405661-f632-48c2-a48d-43a3866ac961', '02cd9c08-f7a3-4a1c-b3ae-fc576ce6be3d', '96130278-9ab2-427d-aa20-6df2f7cbdbf5', 270.00, 'silent', '2026-07-15 22:27:45.904144+00', NULL, NULL),
	('038a74ba-a77f-47b6-bdf8-2cb6eb4a1b87', '7959fb8f-64b5-4488-8cd9-dad9cc405fb7', '2fecf686-c7cc-4557-8934-a55c32ad5070', 375.00, 'live', '2026-07-15 22:27:45.904144+00', NULL, NULL),
	('3c3c7249-969c-4de2-aeca-8bc81b226f32', 'd80ba824-6761-4f20-aa00-5609c69b3c55', '5e1f79b3-f35f-4d7c-8b2c-905820438a59', 425.00, 'silent', '2026-07-15 22:27:45.904144+00', NULL, NULL),
	('221a4d57-3be3-42a3-9482-141b73ed6167', '37c6aca2-c1bb-4ce7-bc12-f6edc4ab21c7', 'dcd8b6c8-f9c7-4faf-a90c-6185f1d96c38', 195.00, 'live', '2026-07-15 22:27:45.904144+00', NULL, NULL),
	('28262744-cef0-4a70-a1ba-f2d08bbe957c', 'd3a599f6-584c-44d9-a48e-973c55d80482', '7e7778cc-1c8d-4e71-b422-6032538e1b39', 170.00, 'silent', '2026-07-15 22:27:45.904144+00', NULL, NULL),
	('2dd38382-d70c-4883-872d-fe2d6dba0b82', 'c57ffe3d-8633-4193-9d9c-71a820afe6a0', 'bc9adec4-3964-4a5b-850a-ce54d959a577', 335.00, 'live', '2026-07-15 22:27:45.904144+00', NULL, NULL),
	('a4fcce82-9c5b-42ae-9a06-df218bc7a02e', '3e784147-da21-4664-9d5f-c24c3eccf0bc', '578368b3-7a1e-45b5-871d-58521309d266', 280.00, 'silent', '2026-07-15 22:27:45.904144+00', NULL, NULL),
	('64f386e2-4828-464d-8711-96463d9cd2dd', 'd0bd581b-8a12-4d0e-acfe-d1992c3f797f', '8a87b102-cb0d-483b-a464-d736ac4961e0', 310.00, 'live', '2026-07-15 22:27:45.904144+00', NULL, NULL),
	('1cc17a7d-8b1d-44b3-a806-6b4d5c832254', 'a1df051c-7463-4b07-b4bb-506a7405d932', 'e01706df-9999-4009-b0cf-232f1e1a6d3b', 225.00, 'silent', '2026-07-15 22:27:45.904144+00', NULL, NULL),
	('56b4def6-13ea-4d14-830f-01c90b8285d6', '16e8ad9a-4e6a-461e-9842-c14988b3f806', 'd95359c4-47e0-4521-94e5-8fd0b15690e5', 475.00, 'live', '2026-07-15 22:27:45.904144+00', NULL, NULL),
	('5cdf900a-289f-4613-b374-6dc1a702d917', '319a485e-a764-4be6-bed8-1be9898256bd', '0eaf16db-1a2a-4dd9-922e-2e5f2b2512ba', 160.00, 'silent', '2026-07-15 22:27:45.904144+00', NULL, NULL),
	('123f15d3-a4de-47d7-b594-59782e42052c', '0b1fc0dd-8564-4f02-b4c8-be778b81b83b', 'dcd8b6c8-f9c7-4faf-a90c-6185f1d96c38', 370.00, 'live', '2026-07-15 22:27:45.904144+00', NULL, NULL),
	('04644379-c72b-4d21-89ec-e0bffc7ddf8f', '4ad3361e-9b19-4449-92e8-0115f8552ca2', 'ed7a4286-29c6-4695-8cac-49705d6eac17', 115.00, 'silent', '2026-07-15 22:27:45.904144+00', NULL, NULL),
	('8826bfd1-f54d-46a5-89b7-615d7d50c811', 'e0fbca63-3063-4d59-80b2-7b706a26678e', 'c4d4ccad-5414-4bff-8dd4-c81b3425a8c3', 100.00, 'live', '2026-07-15 22:27:45.904144+00', NULL, NULL),
	('14b9919e-bd7d-4576-93de-7d91b5a7180c', 'ad0083a5-a127-4e7a-b5da-88797e501318', '0eaf16db-1a2a-4dd9-922e-2e5f2b2512ba', 180.00, 'silent', '2026-07-15 22:27:45.904144+00', NULL, NULL),
	('e00ffba4-799f-4d82-a777-ad0786f23f95', '81b0bd1d-8fcb-4eea-9881-073fd3c38da0', '9fe07ec4-361c-4511-b613-2690e73f2cf4', 170.00, 'live', '2026-07-15 22:27:45.904144+00', NULL, NULL),
	('13675523-c1fd-47f4-96a5-0d08753766c3', '09daed0c-09c0-49fe-9332-ab6bd26f38c1', 'a15f91f7-5935-4b39-a855-37073ddaa696', 230.00, 'silent', '2026-07-15 22:27:45.904144+00', NULL, NULL),
	('4c45403b-6162-45f2-a51a-64c96432d07f', '6edd234e-c862-4e91-9deb-17d02df4e6c3', 'da0752d3-4e71-45f5-8487-739cb2fa2801', 230.00, 'live', '2026-07-15 22:27:45.904144+00', NULL, NULL),
	('92bad5fa-8b7d-4af0-90b7-bd28c710c58a', '001997d8-ea34-4457-be49-3075402dd8f1', '93fc7128-01ed-47b4-a4a2-4978679d90f8', 315.00, 'silent', '2026-07-15 22:27:45.904144+00', NULL, NULL),
	('178e7c0a-6af0-4469-92de-df22849159d7', '0b593d38-26d4-4285-b4b8-37e39deeaa88', '5e1f79b3-f35f-4d7c-8b2c-905820438a59', 340.00, 'live', '2026-07-15 22:27:45.904144+00', NULL, NULL),
	('01e4de95-796f-4a21-b3e0-bbca82d24a81', '72fb0f17-af52-4e44-bac3-a41f9f8203d9', '323da76c-ebe2-48bf-a78e-fbf6fccf9fb0', 295.00, 'silent', '2026-07-15 22:27:45.904144+00', NULL, NULL),
	('175c4312-41a8-4b0e-a298-ca984409e6d9', 'c86ef475-a79c-4083-95f8-12239f7281b3', '7cdfccc3-98ef-4fc0-b5c1-70ef12192729', 320.00, 'live', '2026-07-15 22:27:45.904144+00', NULL, NULL),
	('8b00cfd3-a9d9-4d5e-884a-c55c30d53637', 'e4ba821d-9a4f-4765-80a3-90cba502a1e6', 'bc9adec4-3964-4a5b-850a-ce54d959a577', 180.00, 'silent', '2026-07-15 22:27:45.904144+00', NULL, NULL),
	('8f4a1bdf-78c4-43e3-a8f4-be2e4d1eb0f0', '06d38fce-7210-4860-99a0-383d447544ae', '26ee06e5-85c0-4a61-b656-a5d78ad216a7', 335.00, 'live', '2026-07-15 22:27:45.904144+00', NULL, NULL),
	('ec7b5049-d135-470d-b721-5ee3f632b135', '18e70178-786b-41e7-ab06-7e47884c3237', '491f889c-0ed3-498d-8dc5-99c2188bba92', 50.00, 'silent', '2026-07-15 22:27:45.904144+00', NULL, NULL),
	('05606803-53aa-48d7-a736-5d314c14bc4b', '7c78a26a-dca4-45b8-976e-70464406c680', '578368b3-7a1e-45b5-871d-58521309d266', 150.00, 'silent', '2026-07-15 22:27:45.904144+00', NULL, NULL),
	('0d3aa0f2-7799-401f-a0f1-807500b3875b', '5dc702f8-a755-47de-8c5c-9f9f3c66c9da', '8a87b102-cb0d-483b-a464-d736ac4961e0', 290.00, 'silent', '2026-07-15 22:27:45.904144+00', NULL, NULL),
	('f1355398-d25f-4e87-87a1-0e3be2248194', 'e9742785-78fa-4b0d-b643-18f3e23b246f', 'edb4e7b4-4de8-4f74-9adf-f26725f75c7d', 200.00, 'live', '2026-07-15 22:27:45.904144+00', NULL, NULL),
	('9f72bddf-0ce7-4ad2-8dff-fe80944d4c88', '4bc4ad96-ede2-4635-9f88-503f053e919f', 'd6510e3b-92a3-4096-96b3-b50fa2a0aeef', 280.00, 'live', '2026-07-15 22:27:45.904144+00', NULL, NULL),
	('6f2c9237-1701-45cf-a97f-7d6091e0b4d4', 'e0f7b608-52bb-40f1-9087-d9d03ca7c70a', 'ec019015-ce84-4597-81e2-312a707ad2bd', 130.00, 'silent', '2026-07-15 22:27:45.904144+00', NULL, NULL),
	('fe3430ce-33b4-4e91-a8f2-d65b2f809116', 'f5bae52a-3eaf-4705-9869-b2c14e19d612', 'b45e232d-50f0-4cea-8974-68686b8412d4', 110.00, 'silent', '2026-07-15 22:27:45.904144+00', NULL, NULL),
	('90013f2f-4980-4ea8-aa7b-ca6edc525750', '542266fe-7f7a-41bb-b77f-0d8d4c162116', '563de983-bf4a-4e05-ab13-2bf4285c11d1', 235.00, 'live', '2026-07-15 22:27:45.904144+00', NULL, NULL),
	('ec036498-1c71-4e46-acc8-7ee18a7c9d42', '57e814de-a710-4b61-ab9a-7162de6240d7', '3b383032-f9b2-413b-8dc8-eaa5e6cbc94e', 300.00, 'silent', '2026-07-15 22:27:45.904144+00', NULL, NULL),
	('9c193fd0-06b0-454e-ab7c-713bced1e3a8', '39ecf020-a311-4c2d-a8d9-91749242c981', 'bc9adec4-3964-4a5b-850a-ce54d959a577', 130.00, 'live', '2026-07-15 22:27:45.904144+00', NULL, NULL),
	('7901ddd6-95fa-4144-99b1-64a2a137102c', '7ba39b0f-45ad-494a-b6cd-df573cc02b45', '96130278-9ab2-427d-aa20-6df2f7cbdbf5', 100.00, 'silent', '2026-07-15 22:27:45.904144+00', NULL, NULL),
	('20c4a430-88fc-4663-b356-0b893300c93c', '58a58635-95b1-4584-84c1-6289ce8db9ce', 'bc9adec4-3964-4a5b-850a-ce54d959a577', 170.00, 'silent', '2026-07-15 22:27:45.904144+00', NULL, NULL),
	('9e943f5a-5a06-484d-9bd7-59b04d6f4130', '9160d3e2-d85e-41fa-9177-c08739f52144', '491e5a7b-41ec-4865-866b-887a2e4a426c', 235.00, 'silent', '2026-07-15 22:27:45.904144+00', NULL, NULL),
	('fda8d499-ec13-4951-a98f-9de832daf3b6', 'bafa6544-a659-4d70-899e-45ee0202e535', '93fc7128-01ed-47b4-a4a2-4978679d90f8', 190.00, 'live', '2026-07-15 22:27:45.904144+00', NULL, NULL),
	('a579ac65-f6aa-4576-8969-2d2240a9720c', 'b4781b5e-ef9d-4156-9ee2-777835e196e6', 'edb4e7b4-4de8-4f74-9adf-f26725f75c7d', 150.00, 'silent', '2026-07-15 22:27:45.904144+00', NULL, NULL),
	('0a4b86f8-cfc4-4e71-b04d-2a7bf8ad1276', '121b35ca-f8b8-41ea-8821-d5dd62e7255d', '3d9693d4-b9c3-4973-a60e-3bbf0f69c768', 185.00, 'silent', '2026-07-15 22:27:45.904144+00', NULL, NULL),
	('4c68037d-3a62-4d45-bfa8-7fd6416ee1bb', '872c937d-8c36-44d8-a3d5-4c363e984784', '5e64255e-4a1d-418b-8456-8dae57567288', 75.00, 'silent', '2026-07-15 22:27:45.904144+00', NULL, NULL),
	('83276e53-01a4-4c82-baef-bf165fb8f3fe', '7bc86106-b5b6-4796-aef7-e15e7f35133b', '34c1080a-e459-4890-94f0-52da59bbedf7', 105.00, 'silent', '2026-07-15 22:27:45.904144+00', NULL, NULL),
	('21da9632-f14d-41c5-8eff-e7bbfa417b40', '2661bf04-c663-4417-82ab-ab18bd0b70c5', '3dd89117-cfef-4185-ae4b-d9e1a5231109', 355.00, 'silent', '2026-07-15 22:27:45.904144+00', NULL, NULL),
	('1492498a-fb2d-470a-b519-332c059bee1c', '61515568-439e-4401-a32c-17fa1af83476', 'c4d4ccad-5414-4bff-8dd4-c81b3425a8c3', 60.00, 'silent', '2026-07-15 22:27:45.904144+00', NULL, NULL),
	('7101081f-1883-4dc4-9930-fee65314746e', '4eb32ef4-354e-4c94-940d-6781fed720ca', '96130278-9ab2-427d-aa20-6df2f7cbdbf5', 325.00, 'silent', '2026-07-15 22:27:45.904144+00', NULL, NULL),
	('c56ca3ae-4813-441c-8a8d-f4f9c0c963e8', '565b5331-a388-425f-bea8-8b40fcc034c6', 'bc9adec4-3964-4a5b-850a-ce54d959a577', 70.00, 'silent', '2026-07-15 22:27:45.904144+00', NULL, NULL),
	('1bc53a53-643d-4cc3-b6e4-e8cce0dd8f67', '844a4433-8b89-4866-b3e7-704e64479415', 'da0752d3-4e71-45f5-8487-739cb2fa2801', 115.00, 'silent', '2026-07-15 22:27:45.904144+00', NULL, NULL),
	('8b1e34f4-71ea-4143-8b23-f0c551b269eb', '2ce66b21-00dd-4b49-b82f-acd3e7527be6', '323da76c-ebe2-48bf-a78e-fbf6fccf9fb0', 70.00, 'live', '2026-07-15 22:27:45.904144+00', NULL, NULL),
	('d9cfcdfc-7a57-4694-bcd8-a8c021584739', '02cd9c08-f7a3-4a1c-b3ae-fc576ce6be3d', '3dd89117-cfef-4185-ae4b-d9e1a5231109', 165.00, 'silent', '2026-07-15 22:27:45.904144+00', NULL, NULL),
	('d04819e7-f964-4af0-b1bb-9c0b2a204e88', '7959fb8f-64b5-4488-8cd9-dad9cc405fb7', '323da76c-ebe2-48bf-a78e-fbf6fccf9fb0', 240.00, 'live', '2026-07-15 22:27:45.904144+00', NULL, NULL),
	('a48d07d5-2fac-4c27-8db3-dbb60fd42838', 'd80ba824-6761-4f20-aa00-5609c69b3c55', '8cfe4094-1a32-4993-9879-7ddf05d18dc7', 350.00, 'silent', '2026-07-15 22:27:45.904144+00', NULL, NULL),
	('6ff80c69-4237-44c8-892c-f1367c5dfd29', '37c6aca2-c1bb-4ce7-bc12-f6edc4ab21c7', '7cdfccc3-98ef-4fc0-b5c1-70ef12192729', 160.00, 'live', '2026-07-15 22:27:45.904144+00', NULL, NULL),
	('85353036-ae3e-4c44-81df-d42ed1ae1099', 'd3a599f6-584c-44d9-a48e-973c55d80482', '5e64255e-4a1d-418b-8456-8dae57567288', 140.00, 'silent', '2026-07-15 22:27:45.904144+00', NULL, NULL),
	('dff6a969-2a12-4a66-a12f-c1ca4054d4a0', 'c57ffe3d-8633-4193-9d9c-71a820afe6a0', '84b12a18-cfc6-491b-907d-5b70cc4cc31a', 245.00, 'live', '2026-07-15 22:27:45.904144+00', NULL, NULL),
	('2f15d1eb-dbd9-4e9e-8a23-2492281c695e', 'a1df051c-7463-4b07-b4bb-506a7405d932', 'da0752d3-4e71-45f5-8487-739cb2fa2801', 190.00, 'silent', '2026-07-15 22:27:45.904144+00', NULL, NULL),
	('cc95a596-a1fa-46eb-b3e7-01ce360c2af3', '319a485e-a764-4be6-bed8-1be9898256bd', '26ee06e5-85c0-4a61-b656-a5d78ad216a7', 85.00, 'silent', '2026-07-15 22:27:45.904144+00', NULL, NULL),
	('f8882dd8-df81-4cb6-b04e-4d4b6e7a9377', '0b1fc0dd-8564-4f02-b4c8-be778b81b83b', 'bc9adec4-3964-4a5b-850a-ce54d959a577', 210.00, 'live', '2026-07-15 22:27:45.904144+00', NULL, NULL),
	('534e43f6-54d5-4ffc-9b5a-07ec6ef6bbc8', '4ad3361e-9b19-4449-92e8-0115f8552ca2', '9d1b3299-5300-4c19-9978-774b7c22fcca', 75.00, 'silent', '2026-07-15 22:27:45.904144+00', NULL, NULL),
	('ef006845-4de9-443d-8444-188358040813', 'ad0083a5-a127-4e7a-b5da-88797e501318', '323da76c-ebe2-48bf-a78e-fbf6fccf9fb0', 125.00, 'silent', '2026-07-15 22:27:45.904144+00', NULL, NULL),
	('999035b6-a874-4e6f-976a-70d140ee6b02', '09daed0c-09c0-49fe-9332-ab6bd26f38c1', '548eefdc-4d7b-47c4-93fd-6609aaf10695', 165.00, 'silent', '2026-07-15 22:27:45.904144+00', NULL, NULL),
	('b23cb9d7-f785-434a-906f-7f860ae2aab2', '6edd234e-c862-4e91-9deb-17d02df4e6c3', 'cc64f0d9-a2db-4524-960f-88a9a675e628', 130.00, 'live', '2026-07-15 22:27:45.904144+00', NULL, NULL),
	('f3903e31-e948-4133-a136-cbc4cf171e37', '001997d8-ea34-4457-be49-3075402dd8f1', '96130278-9ab2-427d-aa20-6df2f7cbdbf5', 240.00, 'silent', '2026-07-15 22:27:45.904144+00', NULL, NULL),
	('e8067e94-5020-40db-9cfd-1eb8a5111f76', '0b593d38-26d4-4285-b4b8-37e39deeaa88', 'ed7a4286-29c6-4695-8cac-49705d6eac17', 180.00, 'live', '2026-07-15 22:27:45.904144+00', NULL, NULL),
	('74b13825-4335-41ad-bb71-9b643957b6d6', '72fb0f17-af52-4e44-bac3-a41f9f8203d9', '1cc16532-65cf-42d1-9fcd-0499f6363615', 210.00, 'silent', '2026-07-15 22:27:45.904144+00', NULL, NULL),
	('75b031d1-d4cb-4407-a046-4ee5e520d807', 'e4ba821d-9a4f-4765-80a3-90cba502a1e6', 'da0752d3-4e71-45f5-8487-739cb2fa2801', 105.00, 'silent', '2026-07-15 22:27:45.904144+00', NULL, NULL),
	('32b3b824-3383-4938-8304-c1f420a5a580', '06d38fce-7210-4860-99a0-383d447544ae', 'ab4f0f1a-df21-4c16-a929-6dba0ab0f8b8', 170.00, 'live', '2026-07-15 22:27:45.904144+00', NULL, NULL);


--
-- Data for Name: live_lots; Type: TABLE DATA; Schema: public; Owner: postgres
--



--
-- Data for Name: notification_prefs; Type: TABLE DATA; Schema: public; Owner: postgres
--



--
-- Data for Name: payouts; Type: TABLE DATA; Schema: public; Owner: postgres
--

INSERT INTO "public"."payouts" ("id", "tournament_id", "player_id", "bidder_id", "placement", "pot_share", "amount", "calculated_at", "marked_paid_at", "marked_paid_by") VALUES
	('e350e260-b486-49e2-b712-417fa9caa654', 'a0000000-0000-0000-0000-00000000000a', 'bafa6544-a659-4d70-899e-45ee0202e535', '3dd89117-cfef-4185-ae4b-d9e1a5231109', 1, 0.3500, 6735.75, '2026-07-15 23:32:16.811+00', '2026-07-05 22:27:45.912084+00', '8534a24f-c328-4d6d-8941-47c1aaacb3aa'),
	('8fcdfe59-762b-4c1a-88b2-0b6ee7efbefa', 'a0000000-0000-0000-0000-00000000000a', '85b125e6-005a-432a-a185-e4ecc132622f', '9fe07ec4-361c-4511-b613-2690e73f2cf4', 2, 0.2500, 4811.25, '2026-07-15 23:32:16.824+00', '2026-07-05 22:27:45.912084+00', '8534a24f-c328-4d6d-8941-47c1aaacb3aa'),
	('d5d09283-33c4-4e43-a143-79c8b1f02759', 'a0000000-0000-0000-0000-00000000000a', '001997d8-ea34-4457-be49-3075402dd8f1', '93fc7128-01ed-47b4-a4a2-4978679d90f8', 3, 0.1500, 2886.75, '2026-07-15 23:32:16.828+00', '2026-07-05 22:27:45.912084+00', '8534a24f-c328-4d6d-8941-47c1aaacb3aa'),
	('61799dd7-ec9a-4c99-9c21-dd8237eb5cdd', 'a0000000-0000-0000-0000-00000000000a', '68484768-cc5e-418a-83dc-b6da34e1238c', 'da0752d3-4e71-45f5-8487-739cb2fa2801', 4, 0.1000, 1924.50, '2026-07-15 23:32:16.832+00', '2026-07-05 22:27:45.912084+00', '8534a24f-c328-4d6d-8941-47c1aaacb3aa'),
	('e1356aea-1c3e-41ea-a5b6-2496e4d13259', 'a0000000-0000-0000-0000-00000000000a', 'ad0083a5-a127-4e7a-b5da-88797e501318', '0eaf16db-1a2a-4dd9-922e-2e5f2b2512ba', 5, 0.0600, 1154.70, '2026-07-15 23:32:16.836+00', '2026-07-15 22:32:11.617+00', '8534a24f-c328-4d6d-8941-47c1aaacb3aa'),
	('f881e210-8514-40cb-bbd4-43651f6bc2bf', 'a0000000-0000-0000-0000-00000000000a', '8735c67e-1e52-4221-b6d3-c98d15cc6956', '3d9693d4-b9c3-4973-a60e-3bbf0f69c768', 6, 0.0400, 769.80, '2026-07-15 23:32:16.84+00', '2026-07-05 22:27:45.912084+00', '8534a24f-c328-4d6d-8941-47c1aaacb3aa'),
	('418c9ecc-7be5-4327-8e78-7b31bc041fa4', 'a0000000-0000-0000-0000-00000000000a', '121b35ca-f8b8-41ea-8821-d5dd62e7255d', '563de983-bf4a-4e05-ab13-2bf4285c11d1', 7, 0.0300, 577.35, '2026-07-15 23:32:16.844+00', '2026-07-15 22:32:13.995+00', '8534a24f-c328-4d6d-8941-47c1aaacb3aa'),
	('e2397d9d-e2f7-4188-b33f-c4b1d1049e5f', 'a0000000-0000-0000-0000-00000000000a', '7959fb8f-64b5-4488-8cd9-dad9cc405fb7', '2fecf686-c7cc-4557-8934-a55c32ad5070', 8, 0.0200, 384.90, '2026-06-25 23:36:23.824165+00', '2026-07-05 23:36:23.824165+00', '8534a24f-c328-4d6d-8941-47c1aaacb3aa');


--
-- PostgreSQL database dump complete
--

-- \unrestrict FnMhoJVXqHM8JyBfAQ8nIEpQUIinffhR32lKfYDswmgi4NwatwrfrjJUWRtx8ez

RESET ALL;
